"CustomerID","Restaurant","RKDate","RegionName","BrandsNames","DishCategoryName","Quantity","SummBasic","SummAfterPointsUsage"
2898197,391,"2017-07-16","Москва и Московская область ","TGI FRIDAYS","NON ALCOHOL",2,2,2
2903215,43,"2015-04-07","Москва и Московская область ","IL Патио","NON ALCOHOL",1,5,5
2748887,43,"2015-05-22","Москва и Московская область ","IL Патио","NON ALCOHOL",1,5,5
2862077,46,"2015-03-05","Москва и Московская область ","IL Патио","NON ALCOHOL",1,5,5
2862077,46,"2015-03-11","Москва и Московская область ","IL Патио","NON ALCOHOL",1,5,5
2862077,46,"2015-03-13","Москва и Московская область ","IL Патио","NON ALCOHOL",1,5,5
2862077,46,"2015-04-20","Москва и Московская область ","IL Патио","NON ALCOHOL",1,5,5
2862077,46,"2015-05-13","Москва и Московская область ","IL Патио","NON ALCOHOL",1,5,5
2801997,46,"2015-05-20","Москва и Московская область ","IL Патио","NON ALCOHOL",1,5,5
2862077,46,"2015-05-28","Москва и Московская область ","IL Патио","NON ALCOHOL",1,5,3.21
2862077,46,"2015-06-01","Москва и Московская область ","IL Патио","NON ALCOHOL",1,5,5
2777708,47,"2015-02-22","Москва и Московская область ","IL Патио,Планета Суши","NON ALCOHOL",1,5,5
2807046,47,"2015-02-26","Москва и Московская область ","IL Патио,Планета Суши","NON ALCOHOL",1,5,5
2764143,49,"2016-08-03","Москва и Московская область ","IL Патио","FOOD",1,5,2.5
2912639,56,"2015-03-31","Москва и Московская область ","IL Патио","NON ALCOHOL",1,5,5
2903056,56,"2015-05-22","Москва и Московская область ","IL Патио","NON ALCOHOL",1,5,5
2750037,56,"2015-06-04","Москва и Московская область ","IL Патио","NON ALCOHOL",1,5,2.5
2750089,62,"2015-02-24","Москва и Московская область ","Планета Мировое Кафе","NON ALCOHOL",1,5,5
2813925,62,"2015-02-27","Москва и Московская область ","Планета Мировое Кафе","NON ALCOHOL",1,5,5
2771931,62,"2015-03-04","Москва и Московская область ","Планета Мировое Кафе","NON ALCOHOL",1,5,5
2872133,62,"2015-03-07","Москва и Московская область ","Планета Мировое Кафе","NON ALCOHOL",1,5,5
2752323,62,"2015-04-03","Москва и Московская область ","Планета Мировое Кафе","NON ALCOHOL",1,5,5
2884096,62,"2015-04-24","Москва и Московская область ","Планета Мировое Кафе","NON ALCOHOL",1,5,5
2872133,62,"2015-05-05","Москва и Московская область ","Планета Мировое Кафе","NON ALCOHOL",1,5,2.55
2884096,62,"2015-05-06","Москва и Московская область ","Планета Мировое Кафе","NON ALCOHOL",1,5,5
2827596,62,"2015-05-16","Москва и Московская область ","Планета Мировое Кафе","NON ALCOHOL",1,5,2.59
2752323,62,"2015-05-20","Москва и Московская область ","Планета Мировое Кафе","NON ALCOHOL",1,5,2.52
2750555,62,"2015-05-30","Москва и Московская область ","Планета Мировое Кафе","NON ALCOHOL",1,5,3.05
2894768,93,"2015-05-19","Москва и Московская область ","IL Патио","NON ALCOHOL",1,5,5
2769660,116,"2015-08-26","Москва и Московская область ","IL Патио,Планета Суши","FOOD",1,5,5
2742153,116,"2015-11-29","Москва и Московская область ","IL Патио,Планета Суши","FOOD",1,5,4.14
2888932,125,"2015-03-14","Москва и Московская область ","IL Патио,Планета Суши","NON ALCOHOL",1,5,5
2763416,139,"2015-07-30","Москва и Московская область ","IL Патио,Шикари","FOOD",1,5,5
2822866,139,"2015-10-06","Москва и Московская область ","IL Патио,Шикари","FOOD",1,5,2.83
2740319,193,"2015-07-28","Екатеринбург","Планета Суши","FOOD",1,5,5
2741882,235,"2015-03-19","Москва и Московская область ","IL Патио","INSTRUCTION",1,5,5
2806092,235,"2015-04-08","Москва и Московская область ","IL Патио","NON ALCOHOL",1,5,5
2806092,235,"2015-05-15","Москва и Московская область ","IL Патио","NON ALCOHOL",1,5,5
2907252,235,"2015-06-02","Москва и Московская область ","IL Патио","NON ALCOHOL",1,5,5
2907252,235,"2015-06-11","Москва и Московская область ","IL Патио","NON ALCOHOL",1,5,2.51
2907252,235,"2015-07-07","Москва и Московская область ","IL Патио","NON ALCOHOL",1,5,2.93
2907252,235,"2015-08-13","Москва и Московская область ","IL Патио","NON ALCOHOL",1,5,5
2907252,235,"2015-08-26","Москва и Московская область ","IL Патио","NON ALCOHOL",1,5,5
2865664,235,"2015-09-01","Москва и Московская область ","IL Патио","NON ALCOHOL",1,5,3.07
2865664,235,"2015-09-08","Москва и Московская область ","IL Патио","NON ALCOHOL",1,5,5
2777940,235,"2015-10-19","Москва и Московская область ","IL Патио","INSTRUCTION",1,5,5
2735937,235,"2015-12-22","Москва и Московская область ","IL Патио","INSTRUCTION",1,5,3.24
2743310,235,"2015-12-29","Москва и Московская область ","IL Патио","NON ALCOHOL",1,5,2.52
2777940,235,"2016-01-18","Москва и Московская область ","IL Патио","INSTRUCTION",1,5,5
2777940,235,"2016-02-18","Москва и Московская область ","IL Патио","INSTRUCTION",1,5,5
2729810,283,"2015-02-19","Новосибирск","IL Патио","FOOD",1,5,2.5
2887529,295,"2016-09-28","Москва и Московская область ","Шикари","FOOD",1,5,3.8
2862085,296,"2017-01-16","Москва и Московская область ","Шикари","FOOD",1,5,5
2894613,298,"2017-01-14","Москва и Московская область ","Шикари","FOOD",1,5,5
2746191,298,"2017-05-12","Москва и Московская область ","Шикари","FOOD",1,5,4.11
2745480,317,"2015-01-21","Москва и Московская область ","IL Патио","NON ALCOHOL",1,5,5
2910472,317,"2015-04-24","Москва и Московская область ","IL Патио","FOOD",1,5,5
2743266,317,"2015-04-27","Москва и Московская область ","IL Патио","FOOD",1,5,5
2743266,317,"2015-04-30","Москва и Московская область ","IL Патио","FOOD",1,5,2.5
2743266,317,"2015-05-15","Москва и Московская область ","IL Патио","FOOD",1,5,5
2743266,317,"2015-05-19","Москва и Московская область ","IL Патио","FOOD",1,5,5
2743266,317,"2015-05-22","Москва и Московская область ","IL Патио","FOOD",1,5,2.52
2743266,317,"2015-06-16","Москва и Московская область ","IL Патио","FOOD",1,5,5
2743266,317,"2015-06-29","Москва и Московская область ","IL Патио","FOOD",1,5,5
2743266,317,"2015-07-13","Москва и Московская область ","IL Патио","FOOD",1,5,5
2743266,317,"2015-08-28","Москва и Московская область ","IL Патио","FOOD",1,5,5
2883936,317,"2015-09-14","Москва и Московская область ","IL Патио","FOOD",1,5,3
2748570,390,"2015-01-18","Москва и Московская область ","IL Патио","NON ALCOHOL",1,5,5
2735400,392,"2015-01-07","Москва и Московская область ","IL Патио,Планета Суши","NON ALCOHOL",1,5,5
2764983,393,"2015-03-03","Москва и Московская область ","IL Патио","NON ALCOHOL",1,5,5
2877901,393,"2015-03-16","Москва и Московская область ","IL Патио","FOOD",1,5,5
2770460,404,"2015-04-17","Москва и Московская область ","IL Патио,Планета Суши","FOOD",1,5,2.5
2796628,404,"2015-05-17","Москва и Московская область ","IL Патио,Планета Суши","FOOD",1,5,5
2903115,404,"2015-07-29","Москва и Московская область ","IL Патио,Планета Суши","NON ALCOHOL",1,5,3.21
2892957,404,"2015-12-17","Москва и Московская область ","IL Патио,Планета Суши","FOOD",1,5,4.48
2796487,405,"2015-04-12","Москва и Московская область ","IL Патио,Планета Суши","FOOD",1,5,2.51
2796487,405,"2015-06-08","Москва и Московская область ","IL Патио,Планета Суши","FOOD",1,5,5
2894296,405,"2015-07-31","Москва и Московская область ","IL Патио,Планета Суши","FOOD",1,5,5
2788290,405,"2015-09-13","Москва и Московская область ","IL Патио,Планета Суши","FOOD",1,5,5
2862050,408,"2015-04-24","Москва и Московская область ","IL Патио","NON ALCOHOL",1,5,5
2749368,411,"2015-07-07","Москва и Московская область ","IL Патио,TGI FRIDAYS,Шикари","FOOD",1,5,5
2772417,412,"2015-02-11","Москва и Московская область ","IL Патио,Планета Суши","FOOD",1,5,5
2772417,412,"2015-08-02","Москва и Московская область ","IL Патио,Планета Суши","FOOD",1,5,2.82
2763823,417,"2015-07-02","Москва и Московская область ","IL Патио,Планета Суши","NON ALCOHOL",1,5,5
2745327,419,"2015-01-16","Москва и Московская область ","IL Патио,Планета Суши","NON ALCOHOL",1,5,5
2733613,424,"2015-07-15","Москва и Московская область ","IL Патио","NON ALCOHOL",1,5,5
2893377,433,"2015-03-21","Москва и Московская область ","IL Патио","FOOD",1,5,5
2805934,436,"2015-03-04","Москва и Московская область ","IL Патио","NON ALCOHOL",1,5,5
2871485,437,"2015-05-28","Москва и Московская область ","IL Патио,Шикари","NON ALCOHOL",1,5,5
2849494,437,"2015-05-29","Москва и Московская область ","IL Патио,Шикари","NON ALCOHOL",1,5,5
2880631,437,"2015-08-06","Москва и Московская область ","IL Патио,Шикари","FOOD",1,5,4.68
2852550,437,"2015-10-07","Москва и Московская область ","IL Патио,Шикари","FOOD",1,5,5
2741828,442,"2015-01-12","Москва и Московская область ","Планета Суши","NON ALCOHOL",1,5,5
2819035,442,"2015-02-28","Москва и Московская область ","Планета Суши","NON ALCOHOL",1,5,5
2816628,442,"2015-04-20","Москва и Московская область ","Планета Суши","NON ALCOHOL",1,5,5
2750089,443,"2015-03-01","Москва и Московская область ","IL Патио,Планета Суши","FOOD",1,5,5
2895382,443,"2015-07-29","Москва и Московская область ","IL Патио,Планета Суши","NON ALCOHOL",1,5,5
2750089,443,"2015-11-18","Москва и Московская область ","IL Патио,Планета Суши","FOOD",1,5,2.5
2810585,444,"2015-05-19","Москва и Московская область ","IL Патио","NON ALCOHOL",1,5,5
2884152,462,"2015-04-30","Москва и Московская область ","Планета Мировое Кафе","NON ALCOHOL",1,5,3.1
2747061,471,"2015-03-08","Москва и Московская область ","IL Патио,Планета Суши","FOOD",1,5,5
2741505,501,"2015-01-25","Москва и Московская область ","IL Патио","NON ALCOHOL",1,5,5
2785339,501,"2015-04-24","Москва и Московская область ","IL Патио","NON ALCOHOL",1,5,5
2855320,595,"2015-05-22","Пермь","IL Патио,Планета Суши","FOOD",1,5,2.59
2765045,650,"2015-04-16","Череповец","IL Патио","FOOD",1,5,5
2895218,650,"2015-05-01","Череповец","IL Патио","FOOD",1,5,4.36
2895218,650,"2015-08-15","Череповец","IL Патио","FOOD",1,5,2.87
2895218,650,"2016-08-08","Череповец","IL Патио","FOOD",1,5,5
2895218,650,"2016-08-09","Череповец","IL Патио","FOOD",1,5,5
2895218,650,"2016-08-15","Череповец","IL Патио","FOOD",1,5,4.39
2895218,650,"2016-08-21","Череповец","IL Патио","FOOD",1,5,5
2895218,650,"2016-08-25","Череповец","IL Патио","FOOD",1,5,5
2729539,655,"2015-03-17","Нижний Новгород","IL Патио","FOOD",1,5,5
2728549,679,"2015-04-30","Москва и Московская область ","IL Патио,Шикари","INSTRUCTION",1,5,2.5
2807527,685,"2015-06-12","Москва и Московская область ","IL Патио,Планета Суши","FOOD",1,5,3.31
2905794,685,"2015-06-30","Москва и Московская область ","IL Патио,Планета Суши","FOOD",1,5,5
2737973,686,"2015-01-09","Москва и Московская область ","IL Патио,Планета Суши","FOOD",1,5,5
2755549,686,"2015-01-25","Москва и Московская область ","IL Патио,Планета Суши","FOOD",1,5,5
2755549,686,"2015-06-05","Москва и Московская область ","IL Патио,Планета Суши","FOOD",1,5,3.95
2764676,686,"2015-06-22","Москва и Московская область ","IL Патио,Планета Суши","FOOD",1,5,5
2903358,686,"2015-11-13","Москва и Московская область ","IL Патио,Планета Суши","FOOD",1,5,5
2746512,689,"2015-01-17","Москва и Московская область ","IL Патио,Планета Суши","FOOD",1,5,5
2741580,712,"2015-03-30","Москва и Московская область ","IL Патио,Планета Суши","FOOD",1,5,5
2745033,712,"2015-05-01","Москва и Московская область ","IL Патио,Планета Суши","FOOD",1,5,5
2744614,712,"2015-07-11","Москва и Московская область ","IL Патио,Планета Суши","FOOD",1,5,2.73
2740008,718,"2015-08-22","Москва и Московская область ","IL Патио","FOOD",1,5,5
2730257,718,"2015-12-07","Москва и Московская область ","IL Патио","FOOD",1,5,5
2888151,721,"2015-03-29","Москва и Московская область ","IL Патио,Планета Суши","FOOD",1,5,5
2734286,726,"2016-02-24","Москва и Московская область ","IL Патио,Планета Суши","FOOD",1,5,3.84
2784315,728,"2016-01-06","Москва и Московская область ","IL Патио","FOOD",1,5,4.19
2792240,785,"2015-03-20","Москва и Московская область ","IL Патио,Планета Суши","FOOD",1,5,5
2840422,785,"2015-03-20","Москва и Московская область ","IL Патио,Планета Суши","FOOD",1,5,5
2805788,785,"2015-06-25","Москва и Московская область ","IL Патио,Планета Суши","FOOD",1,5,5
2781774,785,"2015-08-16","Москва и Московская область ","IL Патио,Планета Суши","FOOD",1,5,5
2906533,785,"2015-09-22","Москва и Московская область ","IL Патио,Планета Суши","FOOD",1,5,2.53
2873323,787,"2015-03-28","Москва и Московская область ","IL Патио","FOOD",1,5,5
2898941,788,"2015-06-04","Москва и Московская область ","IL Патио","FOOD",1,5,4.25
2736795,793,"2016-01-08","Москва и Московская область ","IL Патио,Планета Суши","FOOD",1,5,5
2828376,908,"2015-05-07","Москва и Московская область ","IL Патио,Планета Суши","FOOD",1,5,2.7
2781574,911,"2015-05-20","Москва и Московская область ","IL Патио,Планета Суши","FOOD",1,5,5
2795609,911,"2015-08-04","Москва и Московская область ","IL Патио,Планета Суши","FOOD",1,5,5
2732238,920,"2015-02-07","Москва и Московская область ","IL Патио,Планета Суши","FOOD",1,5,5
2762240,920,"2015-02-21","Москва и Московская область ","IL Патио,Планета Суши","FOOD",1,5,5
2909510,920,"2015-04-25","Москва и Московская область ","IL Патио,Планета Суши","FOOD",1,5,2.51
2741407,920,"2015-07-29","Москва и Московская область ","IL Патио,Планета Суши","FOOD",1,5,5
2768733,921,"2015-02-07","Москва и Московская область ","IL Патио,Планета Суши","FOOD",1,5,5
2750496,921,"2015-05-23","Москва и Московская область ","IL Патио,Планета Суши","FOOD",1,5,5
2768733,921,"2015-06-05","Москва и Московская область ","IL Патио,Планета Суши","FOOD",1,5,5
2750115,922,"2015-03-16","Москва и Московская область ","IL Патио,Планета Суши","FOOD",1,5,5
2750115,922,"2015-04-14","Москва и Московская область ","IL Патио,Планета Суши","FOOD",1,5,5
2750115,922,"2015-04-16","Москва и Московская область ","IL Патио,Планета Суши","FOOD",1,5,5
2750115,922,"2015-04-21","Москва и Московская область ","IL Патио,Планета Суши","FOOD",1,5,5
2773428,922,"2015-05-27","Москва и Московская область ","IL Патио,Планета Суши","FOOD",1,5,5
2750115,922,"2015-07-06","Москва и Московская область ","IL Патио,Планета Суши","FOOD",1,5,5
2750115,922,"2015-08-11","Москва и Московская область ","IL Патио,Планета Суши","FOOD",1,5,2.5
2750115,922,"2015-08-12","Москва и Московская область ","IL Патио,Планета Суши","FOOD",1,5,2.5
2750115,922,"2015-08-21","Москва и Московская область ","IL Патио,Планета Суши","FOOD",1,5,2.5
2750115,922,"2015-08-25","Москва и Московская область ","IL Патио,Планета Суши","FOOD",1,5,2.5
2750115,922,"2015-10-29","Москва и Московская область ","IL Патио,Планета Суши","FOOD",1,5,5
2912433,923,"2015-04-18","Москва и Московская область ","IL Патио,Планета Суши","FOOD",1,5,5
2912433,923,"2015-11-23","Москва и Московская область ","IL Патио,Планета Суши","FOOD",1,5,5
2767242,926,"2015-07-17","Москва и Московская область ","IL Патио,Планета Суши","FOOD",1,5,5
2741937,926,"2015-08-26","Москва и Московская область ","IL Патио,Планета Суши","FOOD",1,5,5
2767242,926,"2015-09-03","Москва и Московская область ","IL Патио,Планета Суши","FOOD",1,5,5
2767242,926,"2015-09-21","Москва и Московская область ","IL Патио,Планета Суши","FOOD",1,5,5
2767242,926,"2015-09-29","Москва и Московская область ","IL Патио,Планета Суши","FOOD",1,5,5
2886297,926,"2015-12-03","Москва и Московская область ","IL Патио,Планета Суши","FOOD",1,5,3.94
2884232,926,"2015-12-09","Москва и Московская область ","IL Патио,Планета Суши","FOOD",1,5,2.51
2767185,926,"2015-12-11","Москва и Московская область ","IL Патио,Планета Суши","FOOD",1,5,5
2886297,926,"2015-12-23","Москва и Московская область ","IL Патио,Планета Суши","FOOD",1,5,4.51
2825435,928,"2015-07-08","Москва и Московская область ","IL Патио","FOOD",1,5,5
2822066,929,"2015-04-09","Москва и Московская область ","IL Патио","FOOD",1,5,5
2891520,929,"2015-04-10","Москва и Московская область ","IL Патио","FOOD",1,5,5
2905777,929,"2015-04-13","Москва и Московская область ","IL Патио","FOOD",1,5,5
2751127,929,"2015-04-14","Москва и Московская область ","IL Патио","FOOD",1,5,5
2891520,929,"2015-04-17","Москва и Московская область ","IL Патио","FOOD",1,5,5
2748010,929,"2015-04-17","Москва и Московская область ","IL Патио","FOOD",1,5,5
2891520,929,"2015-04-23","Москва и Московская область ","IL Патио","FOOD",1,5,5
2891520,929,"2015-04-29","Москва и Московская область ","IL Патио","FOOD",1,5,5
2891564,929,"2015-05-13","Москва и Московская область ","IL Патио","FOOD",1,5,5
2822066,929,"2015-05-14","Москва и Московская область ","IL Патио","FOOD",1,5,5
2891564,929,"2015-05-26","Москва и Московская область ","IL Патио","FOOD",1,5,5
2891520,929,"2015-05-26","Москва и Московская область ","IL Патио","FOOD",1,5,2.52
2891564,929,"2015-05-27","Москва и Московская область ","IL Патио","FOOD",1,5,5
2891520,929,"2015-05-27","Москва и Московская область ","IL Патио","FOOD",1,5,5
2774655,929,"2015-06-04","Москва и Московская область ","IL Патио","FOOD",1,5,5
2891520,929,"2015-06-08","Москва и Московская область ","IL Патио","FOOD",1,5,5
2905777,929,"2015-06-09","Москва и Московская область ","IL Патио","FOOD",1,5,5
2891520,929,"2015-06-11","Москва и Московская область ","IL Патио","FOOD",1,5,5
2905777,929,"2015-06-11","Москва и Московская область ","IL Патио","FOOD",1,5,5
2905777,929,"2015-06-26","Москва и Московская область ","IL Патио","FOOD",1,5,5
2891520,929,"2015-07-10","Москва и Московская область ","IL Патио","FOOD",1,5,5
2891520,929,"2015-07-16","Москва и Московская область ","IL Патио","FOOD",1,5,2.5
2891520,929,"2015-07-29","Москва и Московская область ","IL Патио","FOOD",1,5,2.5
2908033,932,"2015-03-28","Москва и Московская область ","IL Патио,Планета Суши","FOOD",1,5,5
2749487,933,"2015-01-19","Москва и Московская область ","IL Патио,Планета Суши","FOOD",1,5,5
2791947,933,"2015-03-07","Москва и Московская область ","IL Патио,Планета Суши","FOOD",1,5,5
2762703,933,"2015-03-07","Москва и Московская область ","IL Патио,Планета Суши","FOOD",1,5,5
2890341,933,"2015-03-15","Москва и Московская область ","IL Патио,Планета Суши","FOOD",1,5,5
2882252,933,"2015-03-29","Москва и Московская область ","IL Патио,Планета Суши","FOOD",1,5,5
2785339,933,"2015-05-03","Москва и Московская область ","IL Патио,Планета Суши","FOOD",1,5,5
2733693,933,"2015-05-21","Москва и Московская область ","IL Патио,Планета Суши","FOOD",1,5,3.26
2740292,933,"2016-08-26","Москва и Московская область ","IL Патио,Планета Суши","FOOD",1,5,5
2741785,934,"2015-01-12","Москва и Московская область ","IL Патио,Планета Суши","FOOD",1,5,5
2759058,934,"2015-02-13","Москва и Московская область ","IL Патио,Планета Суши","FOOD",1,5,5
2741785,934,"2015-02-17","Москва и Московская область ","IL Патио,Планета Суши","FOOD",1,5,5
2767047,934,"2015-05-06","Москва и Московская область ","IL Патио,Планета Суши","FOOD",1,5,5
2742305,934,"2015-07-22","Москва и Московская область ","IL Патио,Планета Суши","FOOD",1,5,5
2747295,934,"2015-08-17","Москва и Московская область ","IL Патио,Планета Суши","FOOD",1,5,2.76
2767598,450,"2017-11-22","Москва и Московская область ","Мама Раша","FOOD",1,9,7
2740730,721,"2015-01-24","Москва и Московская область ","IL Патио,Планета Суши","FOOD",5,9,9
2901049,721,"2015-03-22","Москва и Московская область ","IL Патио,Планета Суши","FOOD",5,9,9
2758212,721,"2015-06-17","Москва и Московская область ","IL Патио,Планета Суши","FOOD",5,9,5.07
2883665,721,"2015-08-24","Москва и Московская область ","IL Патио,Планета Суши","FOOD",5,9,9
2758212,721,"2015-08-26","Москва и Московская область ","IL Патио,Планета Суши","FOOD",5,9,9
2758212,721,"2015-09-02","Москва и Московская область ","IL Патио,Планета Суши","FOOD",5,9,9
2758212,721,"2015-09-14","Москва и Московская область ","IL Патио,Планета Суши","FOOD",5,9,9
2793037,40,"2016-06-13","Москва и Московская область ","Американский Бар и Гриль","FOOD",1,10,5.02
2738988,40,"2016-06-23","Москва и Московская область ","Американский Бар и Гриль","FOOD",1,10,10
2793886,40,"2016-10-12","Москва и Московская область ","Американский Бар и Гриль","FOOD",1,10,10
2901185,40,"2016-10-30","Москва и Московская область ","Американский Бар и Гриль","FOOD",2,10,10
2901185,40,"2016-11-05","Москва и Московская область ","Американский Бар и Гриль","FOOD",2,10,10
2750233,40,"2016-11-18","Москва и Московская область ","Американский Бар и Гриль","FOOD",2,10,5
2792236,42,"2015-04-09","Санкт-Петербург и Ленинградская область ","IL Патио","FOOD",1,10,10
2750851,42,"2015-06-18","Санкт-Петербург и Ленинградская область ","IL Патио","FOOD",1,10,10
2763808,42,"2015-09-03","Санкт-Петербург и Ленинградская область ","IL Патио","NON ALCOHOL",1,10,10
2730340,43,"2015-01-03","Москва и Московская область ","IL Патио","NON ALCOHOL",2,10,9.86
2771426,43,"2015-02-16","Москва и Московская область ","IL Патио","FOOD",1,10,10
2783038,43,"2015-02-20","Москва и Московская область ","IL Патио","FOOD",1,10,10
2826123,43,"2015-03-04","Москва и Московская область ","IL Патио","FOOD",1,10,10
2783344,43,"2015-03-10","Москва и Московская область ","IL Патио","FOOD",1,10,10
2890834,43,"2015-03-15","Москва и Московская область ","IL Патио","FOOD",1,10,10
2771897,43,"2015-03-15","Москва и Московская область ","IL Патио","FOOD",1,10,10
2771426,43,"2015-03-16","Москва и Московская область ","IL Патио","FOOD",1,10,10
2896502,43,"2015-03-23","Москва и Московская область ","IL Патио","NON ALCOHOL",2,10,10
2736633,43,"2015-05-10","Москва и Московская область ","IL Патио","FOOD",1,10,8.09
2888593,43,"2015-05-24","Москва и Московская область ","IL Патио","NON ALCOHOL",2,10,5.1
2761657,43,"2015-05-30","Москва и Московская область ","IL Патио","NON ALCOHOL",2,10,10
2783344,43,"2015-06-10","Москва и Московская область ","IL Патио","FOOD",1,10,10
2907395,43,"2015-06-19","Москва и Московская область ","IL Патио","NON ALCOHOL",2,10,10
2783038,43,"2015-06-29","Москва и Московская область ","IL Патио","NON ALCOHOL",2,10,10
2867674,43,"2015-07-28","Москва и Московская область ","IL Патио","NON ALCOHOL",2,10,10
2741737,43,"2015-08-01","Москва и Московская область ","IL Патио","FOOD",1,10,10
2771426,43,"2015-08-03","Москва и Московская область ","IL Патио","FOOD",1,10,10
2907395,43,"2015-08-07","Москва и Московская область ","IL Патио","NON ALCOHOL",1,10,10
2777962,43,"2015-08-09","Москва и Московская область ","IL Патио","NON ALCOHOL",1,10,9.76
2733081,43,"2015-08-16","Москва и Московская область ","IL Патио","FOOD",2,10,6.26
2907395,43,"2015-08-19","Москва и Московская область ","IL Патио","NON ALCOHOL",1,10,7.86
2910374,43,"2015-08-28","Москва и Московская область ","IL Патио","NON ALCOHOL",1,10,10
2783038,43,"2015-08-28","Москва и Московская область ","IL Патио","NON ALCOHOL",1,10,10
2783344,43,"2015-09-10","Москва и Московская область ","IL Патио","NON ALCOHOL",1,10,10
2907395,43,"2015-09-17","Москва и Московская область ","IL Патио","NON ALCOHOL",1,10,10
2907395,43,"2015-10-20","Москва и Московская область ","IL Патио","NON ALCOHOL",1,10,10
2783344,43,"2015-10-21","Москва и Московская область ","IL Патио","NON ALCOHOL",1,10,5
2783344,43,"2015-10-30","Москва и Московская область ","IL Патио","NON ALCOHOL",1,10,5.01
2753205,43,"2015-12-25","Москва и Московская область ","IL Патио","NON ALCOHOL",1,10,10
2783038,43,"2015-12-28","Москва и Московская область ","IL Патио","NON ALCOHOL",1,10,10
2738657,43,"2016-01-15","Москва и Московская область ","IL Патио","NON ALCOHOL",1,10,5
2910374,43,"2016-01-16","Москва и Московская область ","IL Патио","FOOD",1,10,10
2737277,43,"2016-01-23","Москва и Московская область ","IL Патио","NON ALCOHOL",1,10,5.34
2823761,43,"2016-03-08","Москва и Московская область ","IL Патио","NON ALCOHOL",1,10,10
2783344,43,"2016-03-28","Москва и Московская область ","IL Патио","NON ALCOHOL",1,10,5.03
2894359,43,"2016-04-15","Москва и Московская область ","IL Патио","NON ALCOHOL",1,10,10
2894359,43,"2016-04-29","Москва и Московская область ","IL Патио","NON ALCOHOL",1,10,10
2894359,43,"2016-05-06","Москва и Московская область ","IL Патио","NON ALCOHOL",1,10,10
2895666,43,"2016-05-20","Москва и Московская область ","IL Патио","NON ALCOHOL",1,10,10
2797385,43,"2016-05-22","Москва и Московская область ","IL Патио","NON ALCOHOL",1,10,8.47
2895666,43,"2016-05-23","Москва и Московская область ","IL Патио","NON ALCOHOL",1,10,10
2904983,43,"2016-05-23","Москва и Московская область ","IL Патио","NON ALCOHOL",1,10,10
2855987,43,"2016-05-26","Москва и Московская область ","IL Патио","NON ALCOHOL",1,10,10
2826123,43,"2016-09-01","Москва и Московская область ","IL Патио","NON ALCOHOL",1,10,5.02
2910374,43,"2017-07-06","Москва и Московская область ","IL Патио","FOOD",1,10,10
2742427,46,"2015-01-19","Москва и Московская область ","IL Патио","FOOD",1,10,10
2758173,46,"2015-01-28","Москва и Московская область ","IL Патио","FOOD",1,10,10
2754437,46,"2015-01-30","Москва и Московская область ","IL Патио","FOOD",1,10,10
2742427,46,"2015-02-03","Москва и Московская область ","IL Патио","FOOD",1,10,10
2791986,46,"2015-02-21","Москва и Московская область ","IL Патио","FOOD",1,10,10
2746327,46,"2015-02-23","Москва и Московская область ","IL Патио","NON ALCOHOL",1,10,10
2841384,46,"2015-03-02","Москва и Московская область ","IL Патио","FOOD",1,10,10
2883237,46,"2015-03-10","Москва и Московская область ","IL Патио","FOOD",1,10,10
2758173,46,"2015-03-11","Москва и Московская область ","IL Патио","FOOD",1,10,10
2862077,46,"2015-03-11","Москва и Московская область ","IL Патио","FOOD",1,10,10
2862077,46,"2015-03-13","Москва и Московская область ","IL Патио","FOOD",1,10,10
2885972,46,"2015-03-17","Москва и Московская область ","IL Патио","FOOD",1,10,10
2883237,46,"2015-03-17","Москва и Московская область ","IL Патио","FOOD",1,10,10
2862077,46,"2015-03-19","Москва и Московская область ","IL Патио","FOOD",1,10,10
2862077,46,"2015-03-24","Москва и Московская область ","IL Патио","FOOD",1,10,10
2754437,46,"2015-04-06","Москва и Московская область ","IL Патио","FOOD",1,10,10
2801997,46,"2015-04-08","Москва и Московская область ","IL Патио","FOOD",1,10,10
2801997,46,"2015-04-14","Москва и Московская область ","IL Патио","NON ALCOHOL",2,10,10
2862077,46,"2015-04-15","Москва и Московская область ","IL Патио","FOOD",1,10,10
2876338,46,"2015-04-19","Москва и Московская область ","IL Патио","FOOD",1,10,10
2862077,46,"2015-04-20","Москва и Московская область ","IL Патио","FOOD",1,10,10
2746541,46,"2015-04-22","Москва и Московская область ","IL Патио","FOOD",1,10,10
2801997,46,"2015-04-28","Москва и Московская область ","IL Патио","FOOD",1,10,10
2757386,46,"2015-05-10","Москва и Московская область ","IL Патио","FOOD",1,10,10
2742427,46,"2015-05-13","Москва и Московская область ","IL Патио","FOOD",1,10,5.13
2801997,46,"2015-05-13","Москва и Московская область ","IL Патио","FOOD",1,10,5
2742427,46,"2015-05-14","Москва и Московская область ","IL Патио","FOOD",1,10,5
2742427,46,"2015-05-20","Москва и Московская область ","IL Патио","FOOD",1,10,5.06
2801997,46,"2015-05-20","Москва и Московская область ","IL Патио","FOOD",1,10,10
2862696,46,"2015-05-21","Москва и Московская область ","IL Патио","FOOD",1,10,10
2862077,46,"2015-05-28","Москва и Московская область ","IL Патио","FOOD",1,10,6.43
2780570,46,"2015-05-28","Москва и Московская область ","IL Патио","NON ALCOHOL",2,10,10
2742427,46,"2015-05-29","Москва и Московская область ","IL Патио","FOOD",1,10,10
2862077,46,"2015-06-01","Москва и Московская область ","IL Патио","FOOD",1,10,10
2742427,46,"2015-06-02","Москва и Московская область ","IL Патио","FOOD",1,10,10
2883730,46,"2015-06-03","Москва и Московская область ","IL Патио","FOOD",1,10,5
2787415,46,"2015-06-21","Москва и Московская область ","IL Патио","FOOD",1,10,9.1
2898444,46,"2015-07-23","Москва и Московская область ","IL Патио","FOOD",1,10,10
2771695,46,"2015-08-07","Москва и Московская область ","IL Патио","NON ALCOHOL",1,10,5.01
2869222,46,"2015-08-10","Москва и Московская область ","IL Патио","NON ALCOHOL",1,10,10
2742459,46,"2015-08-18","Москва и Московская область ","IL Патио","NON ALCOHOL",1,10,5.02
2749195,46,"2015-09-25","Москва и Московская область ","IL Патио","NON ALCOHOL",1,10,10
2801997,46,"2015-11-27","Москва и Московская область ","IL Патио","NON ALCOHOL",1,10,6.22
2751772,46,"2015-11-30","Москва и Московская область ","IL Патио","NON ALCOHOL",1,10,10
2893406,46,"2015-12-28","Москва и Московская область ","IL Патио","NON ALCOHOL",1,10,5
2795648,46,"2016-07-01","Москва и Московская область ","IL Патио","NON ALCOHOL",1,10,10
2907574,46,"2016-07-24","Москва и Московская область ","IL Патио","NON ALCOHOL",1,10,10
2745956,46,"2016-08-16","Москва и Московская область ","IL Патио","NON ALCOHOL",1,10,10
2745956,46,"2016-08-25","Москва и Московская область ","IL Патио","NON ALCOHOL",1,10,10
2808333,46,"2016-09-04","Москва и Московская область ","IL Патио","FOOD",1,10,10
2743625,46,"2017-11-07","Москва и Московская область ","IL Патио","FOOD",1,10,10
2746094,47,"2015-01-16","Москва и Московская область ","IL Патио,Планета Суши","FOOD DELIVERY",1,10,10
2751840,47,"2015-01-28","Москва и Московская область ","IL Патио,Планета Суши","FOOD",1,10,10
2751840,47,"2015-02-09","Москва и Московская область ","IL Патио,Планета Суши","FOOD",1,10,10
2751840,47,"2015-02-13","Москва и Московская область ","IL Патио,Планета Суши","FOOD",1,10,10
2811041,47,"2015-03-07","Москва и Московская область ","IL Патио,Планета Суши","FOOD",1,10,10
2751840,47,"2015-03-12","Москва и Московская область ","IL Патио,Планета Суши","FOOD",1,10,10
2751840,47,"2015-03-16","Москва и Московская область ","IL Патио,Планета Суши","FOOD",1,10,10
2751840,47,"2015-04-29","Москва и Московская область ","IL Патио,Планета Суши","FOOD",1,10,10
2751840,47,"2015-05-06","Москва и Московская область ","IL Патио,Планета Суши","FOOD",1,10,5.78
2800621,47,"2015-05-21","Москва и Московская область ","IL Патио,Планета Суши","FOOD",1,10,10
2751840,47,"2015-05-28","Москва и Московская область ","IL Патио,Планета Суши","FOOD",1,10,10
2751840,47,"2015-06-01","Москва и Московская область ","IL Патио,Планета Суши","FOOD",1,10,10
2751840,47,"2015-06-04","Москва и Московская область ","IL Патио,Планета Суши","FOOD",1,10,5.78
2751840,47,"2015-06-15","Москва и Московская область ","IL Патио,Планета Суши","FOOD",1,10,10
2751840,47,"2015-06-19","Москва и Московская область ","IL Патио,Планета Суши","FOOD",1,10,10
2748541,47,"2015-06-28","Москва и Московская область ","IL Патио,Планета Суши","FOOD",1,10,5
2751840,47,"2015-06-30","Москва и Московская область ","IL Патио,Планета Суши","FOOD",1,10,7.89
2751840,47,"2015-07-02","Москва и Московская область ","IL Патио,Планета Суши","FOOD",1,10,10
2751840,47,"2015-07-06","Москва и Московская область ","IL Патио,Планета Суши","FOOD",1,10,10
2751840,47,"2015-07-07","Москва и Московская область ","IL Патио,Планета Суши","FOOD",1,10,10
2751840,47,"2015-07-28","Москва и Московская область ","IL Патио,Планета Суши","FOOD",1,10,10
2751840,47,"2015-07-31","Москва и Московская область ","IL Патио,Планета Суши","FOOD",1,10,10
2751840,47,"2015-08-03","Москва и Московская область ","IL Патио,Планета Суши","FOOD",1,10,10
2751840,47,"2015-08-11","Москва и Московская область ","IL Патио,Планета Суши","NON ALCOHOL",1,10,5.87
2751840,47,"2015-08-17","Москва и Московская область ","IL Патио,Планета Суши","NON ALCOHOL",1,10,10
2751840,47,"2015-08-21","Москва и Московская область ","IL Патио,Планета Суши","NON ALCOHOL",1,10,5.02
2751840,47,"2015-08-25","Москва и Московская область ","IL Патио,Планета Суши","NON ALCOHOL",1,10,7.02
2751840,47,"2015-08-28","Москва и Московская область ","IL Патио,Планета Суши","NON ALCOHOL",1,10,10
2751840,47,"2015-09-01","Москва и Московская область ","IL Патио,Планета Суши","NON ALCOHOL",1,10,10
2751840,47,"2015-09-03","Москва и Московская область ","IL Патио,Планета Суши","NON ALCOHOL",1,10,10
2751840,47,"2015-09-04","Москва и Московская область ","IL Патио,Планета Суши","NON ALCOHOL",1,10,5.25
2751840,47,"2015-09-08","Москва и Московская область ","IL Патио,Планета Суши","NON ALCOHOL",1,10,10
2740580,47,"2015-09-12","Москва и Московская область ","IL Патио,Планета Суши","NON ALCOHOL",1,10,10
2751840,47,"2015-09-15","Москва и Московская область ","IL Патио,Планета Суши","NON ALCOHOL",1,10,10
2740580,47,"2015-09-15","Москва и Московская область ","IL Патио,Планета Суши","NON ALCOHOL",1,10,10
2751840,47,"2015-09-17","Москва и Московская область ","IL Патио,Планета Суши","NON ALCOHOL",1,10,10
2751840,47,"2015-09-21","Москва и Московская область ","IL Патио,Планета Суши","NON ALCOHOL",1,10,7.11
2892727,47,"2015-09-22","Москва и Московская область ","IL Патио,Планета Суши","NON ALCOHOL",1,10,10
2751840,47,"2015-09-23","Москва и Московская область ","IL Патио,Планета Суши","NON ALCOHOL",1,10,10
2751840,47,"2015-10-09","Москва и Московская область ","IL Патио,Планета Суши","NON ALCOHOL",1,10,10
2751840,47,"2015-10-13","Москва и Московская область ","IL Патио,Планета Суши","NON ALCOHOL",1,10,10
2751840,47,"2015-10-16","Москва и Московская область ","IL Патио,Планета Суши","NON ALCOHOL",1,10,10
2751840,47,"2015-10-20","Москва и Московская область ","IL Патио,Планета Суши","NON ALCOHOL",1,10,10
2751840,47,"2015-10-26","Москва и Московская область ","IL Патио,Планета Суши","NON ALCOHOL",1,10,5.87
2839383,47,"2015-10-27","Москва и Московская область ","IL Патио,Планета Суши","NON ALCOHOL",1,10,10
2839383,47,"2015-10-29","Москва и Московская область ","IL Патио,Планета Суши","NON ALCOHOL",1,10,10
2751840,47,"2015-10-30","Москва и Московская область ","IL Патио,Планета Суши","NON ALCOHOL",1,10,10
2751840,47,"2015-11-20","Москва и Московская область ","IL Патио,Планета Суши","NON ALCOHOL",1,10,10
2910173,47,"2015-11-22","Москва и Московская область ","IL Патио,Планета Суши","NON ALCOHOL",1,10,10
2751840,47,"2015-12-07","Москва и Московская область ","IL Патио,Планета Суши","NON ALCOHOL",1,10,10
2751840,47,"2016-01-27","Москва и Московская область ","IL Патио,Планета Суши","NON ALCOHOL",1,10,10
2783346,47,"2016-01-28","Москва и Московская область ","IL Патио,Планета Суши","NON ALCOHOL",1,10,8.71
2751840,47,"2016-01-29","Москва и Московская область ","IL Патио,Планета Суши","NON ALCOHOL",1,10,10
2783346,47,"2016-02-01","Москва и Московская область ","IL Патио,Планета Суши","NON ALCOHOL",1,10,9.3
2751840,47,"2016-02-09","Москва и Московская область ","IL Патио,Планета Суши","NON ALCOHOL",1,10,10
2783346,47,"2016-02-18","Москва и Московская область ","IL Патио,Планета Суши","NON ALCOHOL",1,10,9.15
2751840,47,"2016-03-10","Москва и Московская область ","IL Патио,Планета Суши","NON ALCOHOL",1,10,10
2740580,47,"2016-04-01","Москва и Московская область ","IL Патио,Планета Суши","NON ALCOHOL",1,10,10
2751840,47,"2016-04-12","Москва и Московская область ","IL Патио,Планета Суши","NON ALCOHOL",1,10,5.02
2751840,47,"2016-04-14","Москва и Московская область ","IL Патио,Планета Суши","NON ALCOHOL",1,10,5
2751840,47,"2016-04-20","Москва и Московская область ","IL Патио,Планета Суши","NON ALCOHOL",1,10,10
2751840,47,"2016-05-11","Москва и Московская область ","IL Патио,Планета Суши","NON ALCOHOL",1,10,10
2751840,47,"2016-05-16","Москва и Московская область ","IL Патио,Планета Суши","NON ALCOHOL",1,10,5.95
2740580,47,"2016-05-23","Москва и Московская область ","IL Патио,Планета Суши","NON ALCOHOL",1,10,10
2751840,47,"2016-05-27","Москва и Московская область ","IL Патио,Планета Суши","NON ALCOHOL",1,10,10
2742494,48,"2015-10-23","Санкт-Петербург и Ленинградская область ","IL Патио","FOOD",2,10,10
2747463,49,"2015-01-17","Москва и Московская область ","IL Патио","FOOD",1,10,10
2795631,49,"2015-02-22","Москва и Московская область ","IL Патио","FOOD",1,10,10
2788376,49,"2015-04-03","Москва и Московская область ","IL Патио","FOOD",1,10,10
2855987,49,"2015-04-14","Москва и Московская область ","IL Патио","FOOD",1,10,10
2772002,49,"2015-05-29","Москва и Московская область ","IL Патио","FOOD",1,10,10
2831524,49,"2015-05-29","Москва и Московская область ","IL Патио","FOOD DELIVERY",1,10,5.06
2904086,49,"2015-06-28","Москва и Московская область ","IL Патио","FOOD",1,10,10
2904086,49,"2015-07-12","Москва и Московская область ","IL Патио","FOOD",1,10,10
2904086,49,"2015-07-19","Москва и Московская область ","IL Патио","FOOD",1,10,10
2764143,49,"2015-09-27","Москва и Московская область ","IL Патио","FOOD",1,10,10
2764143,49,"2015-10-17","Москва и Московская область ","IL Патио","NON ALCOHOL",1,10,10
2764143,49,"2016-01-04","Москва и Московская область ","IL Патио","NON ALCOHOL",1,10,10
2795631,49,"2016-01-05","Москва и Московская область ","IL Патио","NON ALCOHOL",1,10,10
2764143,49,"2016-03-13","Москва и Московская область ","IL Патио","NON ALCOHOL",1,10,10
2732688,49,"2016-03-31","Москва и Московская область ","IL Патио","FOOD DELIVERY",1,10,10
2732688,49,"2016-03-31","Москва и Московская область ","IL Патио","FOOD DELIVERY",1,10,10
2795631,49,"2016-05-03","Москва и Московская область ","IL Патио","NON ALCOHOL",1,10,10
2764143,49,"2016-05-08","Москва и Московская область ","IL Патио","NON ALCOHOL",1,10,10
2764143,49,"2016-05-09","Москва и Московская область ","IL Патио","NON ALCOHOL",1,10,10
2764143,49,"2016-05-28","Москва и Московская область ","IL Патио","FOOD",1,10,10
2764143,49,"2016-06-02","Москва и Московская область ","IL Патио","NON ALCOHOL",1,10,5.02
2908852,49,"2016-07-30","Москва и Московская область ","IL Патио","NON ALCOHOL",1,10,9.59
2764143,49,"2016-08-04","Москва и Московская область ","IL Патио","NON ALCOHOL",1,10,10
2764143,49,"2016-08-19","Москва и Московская область ","IL Патио","NON ALCOHOL",1,10,10
2764143,49,"2016-08-21","Москва и Московская область ","IL Патио","NON ALCOHOL",1,10,10
2764143,49,"2016-08-28","Москва и Московская область ","IL Патио","NON ALCOHOL",1,10,10
2764143,49,"2016-08-30","Москва и Московская область ","IL Патио","NON ALCOHOL",1,10,5.01
2764143,49,"2016-09-10","Москва и Московская область ","IL Патио","NON ALCOHOL",1,10,10
2751226,49,"2017-08-03","Москва и Московская область ","IL Патио","FOOD",1,10,8.92
2751226,49,"2017-08-03","Москва и Московская область ","IL Патио","FOOD",1,10,8.92
2749468,49,"2017-08-05","Москва и Московская область ","IL Патио","FOOD",1,10,5.39
2747453,49,"2017-11-11","Москва и Московская область ","IL Патио","FOOD",1,10,10
2736365,53,"2015-02-09","Москва и Московская область ","TGI FRIDAYS","FOOD",1,10,10
2729528,53,"2015-02-26","Москва и Московская область ","TGI FRIDAYS","FOOD",1,10,10
2771180,53,"2015-03-17","Москва и Московская область ","TGI FRIDAYS","FOOD",1,10,10
2757316,54,"2015-01-27","Москва и Московская область ","TGI FRIDAYS","NON ALCOHOL",1,10,10
2757316,54,"2015-01-28","Москва и Московская область ","TGI FRIDAYS","NON ALCOHOL",1,10,10
2758850,54,"2015-01-29","Москва и Московская область ","TGI FRIDAYS","NON ALCOHOL",1,10,10
2760735,54,"2015-01-31","Москва и Московская область ","TGI FRIDAYS","NON ALCOHOL",1,10,10
2757316,54,"2015-02-01","Москва и Московская область ","TGI FRIDAYS","NON ALCOHOL",1,10,10
2757316,54,"2015-02-04","Москва и Московская область ","TGI FRIDAYS","NON ALCOHOL",1,10,10
2757958,54,"2015-02-05","Москва и Московская область ","TGI FRIDAYS","NON ALCOHOL",1,10,10
2757316,54,"2015-02-08","Москва и Московская область ","TGI FRIDAYS","NON ALCOHOL",1,10,10
2754100,54,"2015-02-08","Москва и Московская область ","TGI FRIDAYS","NON ALCOHOL",1,10,10
2758850,54,"2015-02-10","Москва и Московская область ","TGI FRIDAYS","NON ALCOHOL",1,10,10
2758850,54,"2015-02-10","Москва и Московская область ","TGI FRIDAYS","NON ALCOHOL",1,10,10
2760735,54,"2015-02-11","Москва и Московская область ","TGI FRIDAYS","NON ALCOHOL",1,10,10
2774206,54,"2015-02-12","Москва и Московская область ","TGI FRIDAYS","NON ALCOHOL",1,10,10
2757316,54,"2015-02-13","Москва и Московская область ","TGI FRIDAYS","NON ALCOHOL",1,10,10
2758850,54,"2015-02-14","Москва и Московская область ","TGI FRIDAYS","NON ALCOHOL",1,10,10
2758850,54,"2015-02-14","Москва и Московская область ","TGI FRIDAYS","NON ALCOHOL",1,10,10
2758850,54,"2015-02-15","Москва и Московская область ","TGI FRIDAYS","NON ALCOHOL",1,10,10
2760735,54,"2015-02-16","Москва и Московская область ","TGI FRIDAYS","NON ALCOHOL",1,10,10
2757316,54,"2015-02-16","Москва и Московская область ","TGI FRIDAYS","NON ALCOHOL",1,10,5.11
2774206,54,"2015-02-16","Москва и Московская область ","TGI FRIDAYS","NON ALCOHOL",1,10,10
2757316,54,"2015-02-17","Москва и Московская область ","TGI FRIDAYS","NON ALCOHOL",1,10,7.25
2767325,54,"2015-02-17","Москва и Московская область ","TGI FRIDAYS","NON ALCOHOL",1,10,10
2758850,54,"2015-02-18","Москва и Московская область ","TGI FRIDAYS","NON ALCOHOL",1,10,10
2758850,54,"2015-02-19","Москва и Московская область ","TGI FRIDAYS","NON ALCOHOL",1,10,10
2774206,54,"2015-02-19","Москва и Московская область ","TGI FRIDAYS","NON ALCOHOL",1,10,10
2774206,54,"2015-02-19","Москва и Московская область ","TGI FRIDAYS","NON ALCOHOL",1,10,10
2755238,54,"2015-02-22","Москва и Московская область ","TGI FRIDAYS","NON ALCOHOL",1,10,10
2758850,54,"2015-02-23","Москва и Московская область ","TGI FRIDAYS","NON ALCOHOL",1,10,10
2760735,54,"2015-02-23","Москва и Московская область ","TGI FRIDAYS","NON ALCOHOL",1,10,10
2767325,54,"2015-02-25","Москва и Московская область ","TGI FRIDAYS","NON ALCOHOL",1,10,10
2767325,54,"2015-02-25","Москва и Московская область ","TGI FRIDAYS","NON ALCOHOL",1,10,10
2758850,54,"2015-02-26","Москва и Московская область ","TGI FRIDAYS","NON ALCOHOL",1,10,10
2767325,54,"2015-02-26","Москва и Московская область ","TGI FRIDAYS","NON ALCOHOL",1,10,10
2767325,54,"2015-02-26","Москва и Московская область ","TGI FRIDAYS","NON ALCOHOL",1,10,10
2757316,54,"2015-03-01","Москва и Московская область ","TGI FRIDAYS","NON ALCOHOL",1,10,6.81
2758850,54,"2015-03-02","Москва и Московская область ","TGI FRIDAYS","NON ALCOHOL",1,10,10
2767325,54,"2015-03-02","Москва и Московская область ","TGI FRIDAYS","NON ALCOHOL",1,10,10
2767325,54,"2015-03-02","Москва и Московская область ","TGI FRIDAYS","NON ALCOHOL",1,10,10
2796754,54,"2015-03-03","Москва и Московская область ","TGI FRIDAYS","NON ALCOHOL",1,10,10
2771667,54,"2015-03-03","Москва и Московская область ","TGI FRIDAYS","NON ALCOHOL",1,10,10
2767325,54,"2015-03-03","Москва и Московская область ","TGI FRIDAYS","NON ALCOHOL",1,10,10
2767325,54,"2015-03-03","Москва и Московская область ","TGI FRIDAYS","NON ALCOHOL",1,10,10
2847428,54,"2015-03-03","Москва и Московская область ","TGI FRIDAYS","NON ALCOHOL",1,10,10
2757316,54,"2015-03-04","Москва и Московская область ","TGI FRIDAYS","NON ALCOHOL",1,10,10
2767325,54,"2015-03-05","Москва и Московская область ","TGI FRIDAYS","NON ALCOHOL",1,10,5.82
2767325,54,"2015-03-05","Москва и Московская область ","TGI FRIDAYS","NON ALCOHOL",1,10,5.82
2767325,54,"2015-03-05","Москва и Московская область ","TGI FRIDAYS","NON ALCOHOL",1,10,5.82
2847201,54,"2015-03-06","Москва и Московская область ","TGI FRIDAYS","NON ALCOHOL",1,10,10
2757316,54,"2015-03-08","Москва и Московская область ","TGI FRIDAYS","NON ALCOHOL",1,10,8.36
2767325,54,"2015-03-10","Москва и Московская область ","TGI FRIDAYS","NON ALCOHOL",1,10,10
2767325,54,"2015-03-10","Москва и Московская область ","TGI FRIDAYS","NON ALCOHOL",1,10,10
2758850,54,"2015-03-11","Москва и Московская область ","TGI FRIDAYS","NON ALCOHOL",1,10,10
2760735,54,"2015-03-11","Москва и Московская область ","TGI FRIDAYS","NON ALCOHOL",1,10,10
2760735,54,"2015-03-12","Москва и Московская область ","TGI FRIDAYS","NON ALCOHOL",1,10,10
2757316,54,"2015-03-12","Москва и Московская область ","TGI FRIDAYS","NON ALCOHOL",1,10,10
2767325,54,"2015-03-12","Москва и Московская область ","TGI FRIDAYS","NON ALCOHOL",1,10,10
2767325,54,"2015-03-12","Москва и Московская область ","TGI FRIDAYS","NON ALCOHOL",1,10,10
2740351,54,"2015-03-13","Москва и Московская область ","TGI FRIDAYS","NON ALCOHOL",1,10,10
2757316,54,"2015-03-13","Москва и Московская область ","TGI FRIDAYS","NON ALCOHOL",1,10,10
2767325,54,"2015-03-17","Москва и Московская область ","TGI FRIDAYS","NON ALCOHOL",1,10,10
2767325,54,"2015-03-17","Москва и Московская область ","TGI FRIDAYS","NON ALCOHOL",1,10,10
2767325,54,"2015-03-18","Москва и Московская область ","TGI FRIDAYS","NON ALCOHOL",1,10,10
2767325,54,"2015-03-18","Москва и Московская область ","TGI FRIDAYS","NON ALCOHOL",1,10,10
2758850,54,"2015-03-19","Москва и Московская область ","TGI FRIDAYS","NON ALCOHOL",1,10,10
2796754,54,"2015-03-22","Москва и Московская область ","TGI FRIDAYS","NON ALCOHOL",1,10,10
2760735,54,"2015-03-23","Москва и Московская область ","TGI FRIDAYS","NON ALCOHOL",1,10,10
2760735,54,"2015-03-24","Москва и Московская область ","TGI FRIDAYS","NON ALCOHOL",1,10,10
2849232,54,"2015-03-25","Москва и Московская область ","TGI FRIDAYS","NON ALCOHOL",1,10,10
2849232,54,"2015-03-25","Москва и Московская область ","TGI FRIDAYS","NON ALCOHOL",1,10,10
2757316,54,"2015-03-25","Москва и Московская область ","TGI FRIDAYS","NON ALCOHOL",1,10,5
2767325,54,"2015-03-26","Москва и Московская область ","TGI FRIDAYS","NON ALCOHOL",1,10,10
2767325,54,"2015-03-26","Москва и Московская область ","TGI FRIDAYS","NON ALCOHOL",1,10,10
2757316,54,"2015-03-26","Москва и Московская область ","TGI FRIDAYS","NON ALCOHOL",1,10,10
2757316,54,"2015-03-26","Москва и Московская область ","TGI FRIDAYS","NON ALCOHOL",1,10,10
2756307,54,"2015-03-29","Москва и Московская область ","TGI FRIDAYS","NON ALCOHOL",1,10,10
2796754,54,"2015-03-30","Москва и Московская область ","TGI FRIDAYS","NON ALCOHOL",1,10,5.09
2767325,54,"2015-03-30","Москва и Московская область ","TGI FRIDAYS","NON ALCOHOL",1,10,5
2767325,54,"2015-03-30","Москва и Московская область ","TGI FRIDAYS","NON ALCOHOL",1,10,5
2760735,54,"2015-03-31","Москва и Московская область ","TGI FRIDAYS","NON ALCOHOL",1,10,10
2767325,54,"2015-04-01","Москва и Московская область ","TGI FRIDAYS","NON ALCOHOL",1,10,10
2767325,54,"2015-04-01","Москва и Московская область ","TGI FRIDAYS","NON ALCOHOL",1,10,10
2774206,54,"2015-04-01","Москва и Московская область ","TGI FRIDAYS","NON ALCOHOL",1,10,10
2774206,54,"2015-04-01","Москва и Московская область ","TGI FRIDAYS","NON ALCOHOL",1,10,10
2796754,54,"2015-04-04","Москва и Московская область ","TGI FRIDAYS","NON ALCOHOL",1,10,10
2767325,54,"2015-04-06","Москва и Московская область ","TGI FRIDAYS","NON ALCOHOL",1,10,10
2767325,54,"2015-04-06","Москва и Московская область ","TGI FRIDAYS","NON ALCOHOL",1,10,10
2796754,54,"2015-04-07","Москва и Московская область ","TGI FRIDAYS","NON ALCOHOL",1,10,10
2757316,54,"2015-04-07","Москва и Московская область ","TGI FRIDAYS","NON ALCOHOL",1,10,10
2767325,54,"2015-04-07","Москва и Московская область ","TGI FRIDAYS","NON ALCOHOL",1,10,10
2767325,54,"2015-04-07","Москва и Московская область ","TGI FRIDAYS","NON ALCOHOL",1,10,10
2767325,54,"2015-04-10","Москва и Московская область ","TGI FRIDAYS","NON ALCOHOL",1,10,10
2757316,54,"2015-04-14","Москва и Московская область ","TGI FRIDAYS","NON ALCOHOL",1,10,7.09
2849232,54,"2015-04-15","Москва и Московская область ","TGI FRIDAYS","NON ALCOHOL",1,10,10
2849232,54,"2015-04-15","Москва и Московская область ","TGI FRIDAYS","NON ALCOHOL",1,10,10
2767325,54,"2015-04-16","Москва и Московская область ","TGI FRIDAYS","NON ALCOHOL",1,10,10
2767325,54,"2015-04-16","Москва и Московская область ","TGI FRIDAYS","NON ALCOHOL",1,10,10
2847428,54,"2015-04-17","Москва и Московская область ","TGI FRIDAYS","NON ALCOHOL",1,10,10
2849232,54,"2015-04-20","Москва и Московская область ","TGI FRIDAYS","NON ALCOHOL",1,10,10
2849232,54,"2015-04-20","Москва и Московская область ","TGI FRIDAYS","NON ALCOHOL",1,10,10
2767325,54,"2015-04-21","Москва и Московская область ","TGI FRIDAYS","NON ALCOHOL",1,10,10
2767325,54,"2015-04-21","Москва и Московская область ","TGI FRIDAYS","NON ALCOHOL",1,10,10
2849232,54,"2015-04-23","Москва и Московская область ","TGI FRIDAYS","NON ALCOHOL",1,10,10
2849232,54,"2015-04-23","Москва и Московская область ","TGI FRIDAYS","NON ALCOHOL",1,10,10
2754100,54,"2015-04-27","Москва и Московская область ","TGI FRIDAYS","NON ALCOHOL",1,10,5.34
2757316,54,"2015-04-30","Москва и Московская область ","TGI FRIDAYS","NON ALCOHOL",1,10,5.11
2885649,54,"2015-05-02","Москва и Московская область ","TGI FRIDAYS","NON ALCOHOL",1,10,5.03
2763290,54,"2015-05-02","Москва и Московская область ","TGI FRIDAYS","NON ALCOHOL",1,10,10
2760735,54,"2015-05-04","Москва и Московская область ","TGI FRIDAYS","NON ALCOHOL",1,10,10
2767325,54,"2015-05-05","Москва и Московская область ","TGI FRIDAYS","NON ALCOHOL",1,10,10
2741481,55,"2015-01-12","Москва и Московская область ","TGI FRIDAYS","FOOD",1,10,10
2741098,55,"2015-01-14","Москва и Московская область ","TGI FRIDAYS","FOOD",1,10,10
2741098,55,"2015-01-14","Москва и Московская область ","TGI FRIDAYS","FOOD",1,10,10
2741098,55,"2015-01-20","Москва и Московская область ","TGI FRIDAYS","FOOD",1,10,10
2741098,55,"2015-01-26","Москва и Московская область ","TGI FRIDAYS","FOOD",1,10,10
2756505,55,"2015-01-27","Москва и Московская область ","TGI FRIDAYS","FOOD",1,10,10
2741964,55,"2015-01-27","Москва и Московская область ","TGI FRIDAYS","FOOD",1,10,10
2741481,55,"2015-01-28","Москва и Московская область ","TGI FRIDAYS","FOOD",1,10,5.19
2752191,55,"2015-02-03","Москва и Московская область ","TGI FRIDAYS","FOOD",1,10,5
2741481,55,"2015-02-03","Москва и Московская область ","TGI FRIDAYS","FOOD",1,10,5.95
2763993,55,"2015-02-03","Москва и Московская область ","TGI FRIDAYS","FOOD",1,10,10
2766094,55,"2015-02-05","Москва и Московская область ","TGI FRIDAYS","FOOD",1,10,10
2741098,55,"2015-02-06","Москва и Московская область ","TGI FRIDAYS","FOOD",1,10,10
2741481,55,"2015-02-09","Москва и Московская область ","TGI FRIDAYS","FOOD",1,10,5.19
2763993,55,"2015-02-09","Москва и Московская область ","TGI FRIDAYS","FOOD",1,10,10
2741481,55,"2015-02-12","Москва и Московская область ","TGI FRIDAYS","FOOD",1,10,5.06
2757349,55,"2015-02-12","Москва и Московская область ","TGI FRIDAYS","FOOD",1,10,10
2741481,55,"2015-02-16","Москва и Московская область ","TGI FRIDAYS","FOOD",1,10,10
2782278,55,"2015-02-17","Москва и Московская область ","TGI FRIDAYS","FOOD",1,10,10
2766094,55,"2015-02-19","Москва и Московская область ","TGI FRIDAYS","FOOD",1,10,10
2741098,55,"2015-02-25","Москва и Московская область ","TGI FRIDAYS","FOOD",1,10,7.01
2741964,55,"2015-02-26","Москва и Московская область ","TGI FRIDAYS","FOOD",1,10,10
2741481,55,"2015-02-26","Москва и Московская область ","TGI FRIDAYS","FOOD",1,10,5.19
2741481,55,"2015-03-02","Москва и Московская область ","TGI FRIDAYS","FOOD",1,10,6.92
2757349,55,"2015-03-02","Москва и Московская область ","TGI FRIDAYS","FOOD",1,10,10
2757349,55,"2015-03-02","Москва и Московская область ","TGI FRIDAYS","FOOD",1,10,10
2766094,55,"2015-03-02","Москва и Московская область ","TGI FRIDAYS","FOOD",1,10,10
2844462,55,"2015-03-03","Москва и Московская область ","TGI FRIDAYS","FOOD",1,10,10
2741964,55,"2015-03-05","Москва и Московская область ","TGI FRIDAYS","FOOD",1,10,10
2882233,55,"2015-03-10","Москва и Московская область ","TGI FRIDAYS","FOOD",1,10,10
2741481,55,"2015-03-13","Москва и Московская область ","TGI FRIDAYS","FOOD",1,10,10
2885711,55,"2015-03-13","Москва и Московская область ","TGI FRIDAYS","FOOD",1,10,10
2766094,55,"2015-03-17","Москва и Московская область ","TGI FRIDAYS","FOOD",1,10,6.63
2893037,55,"2015-03-17","Москва и Московская область ","TGI FRIDAYS","FOOD",1,10,10
2782577,55,"2015-03-20","Москва и Московская область ","TGI FRIDAYS","FOOD",1,10,10
2741481,55,"2015-03-20","Москва и Московская область ","TGI FRIDAYS","FOOD",1,10,10
2741098,55,"2015-03-20","Москва и Московская область ","TGI FRIDAYS","FOOD",1,10,10
2883854,55,"2015-03-23","Москва и Московская область ","TGI FRIDAYS","FOOD",1,10,10
2749586,56,"2015-01-22","Москва и Московская область ","IL Патио","NON ALCOHOL",1,10,10
2756458,56,"2015-01-26","Москва и Московская область ","IL Патио","FOOD",1,10,10
2903073,56,"2015-03-24","Москва и Московская область ","IL Патио","NON ALCOHOL",2,10,10
2886372,56,"2015-04-01","Москва и Московская область ","IL Патио","FOOD",1,10,10
2886372,56,"2015-04-02","Москва и Московская область ","IL Патио","FOOD",1,10,10
2749586,56,"2015-04-02","Москва и Московская область ","IL Патио","FOOD",1,10,10
2909100,56,"2015-04-03","Москва и Московская область ","IL Патио","FOOD",1,10,10
2884789,56,"2015-04-16","Москва и Московская область ","IL Патио","NON ALCOHOL",2,10,10
2886372,56,"2015-05-28","Москва и Московская область ","IL Патио","FOOD",1,10,10
2827794,56,"2015-05-30","Москва и Московская область ","IL Патио","NON ALCOHOL",2,10,10
2902971,56,"2015-06-02","Москва и Московская область ","IL Патио","FOOD",1,10,10
2886372,56,"2015-06-03","Москва и Московская область ","IL Патио","FOOD",1,10,5.06
2902971,56,"2015-06-04","Москва и Московская область ","IL Патио","FOOD",1,10,6.43
2750037,56,"2015-06-04","Москва и Московская область ","IL Патио","NON ALCOHOL",1,10,5
2886372,56,"2015-06-04","Москва и Московская область ","IL Патио","FOOD",1,10,10
2737260,56,"2015-06-06","Москва и Московская область ","IL Патио","FOOD",1,10,10
2902971,56,"2015-06-08","Москва и Московская область ","IL Патио","FOOD",1,10,10
2902971,56,"2015-06-09","Москва и Московская область ","IL Патио","FOOD",1,10,10
2886372,56,"2015-06-15","Москва и Московская область ","IL Патио","FOOD",1,10,10
2886372,56,"2015-06-16","Москва и Московская область ","IL Патио","FOOD",1,10,5.06
2886372,56,"2015-06-26","Москва и Московская область ","IL Патио","FOOD",1,10,5.01
2758712,56,"2015-07-01","Москва и Московская область ","IL Патио","NON ALCOHOL",2,10,10
2904998,56,"2015-07-10","Москва и Московская область ","IL Патио","FOOD",1,10,10
2886372,56,"2015-07-13","Москва и Московская область ","IL Патио","FOOD",1,10,5.06
2872133,56,"2015-07-13","Москва и Московская область ","IL Патио","FOOD",1,10,9.42
2902971,56,"2015-07-16","Москва и Московская область ","IL Патио","FOOD",1,10,10
2902971,56,"2015-07-29","Москва и Московская область ","IL Патио","FOOD",1,10,10
2886372,56,"2015-07-29","Москва и Московская область ","IL Патио","FOOD",1,10,6.3
2902971,56,"2015-07-30","Москва и Московская область ","IL Патио","FOOD",1,10,10
2886372,56,"2015-07-30","Москва и Московская область ","IL Патио","FOOD",1,10,10
2902971,56,"2015-07-31","Москва и Московская область ","IL Патио","FOOD",1,10,6.77
2902971,56,"2015-08-05","Москва и Московская область ","IL Патио","FOOD",1,10,10
2886372,56,"2015-08-05","Москва и Московская область ","IL Патио","FOOD",1,10,6.81
2902971,56,"2015-08-06","Москва и Московская область ","IL Патио","NON ALCOHOL",1,10,10
2902971,56,"2015-08-11","Москва и Московская область ","IL Патио","NON ALCOHOL",1,10,10
2902971,56,"2015-08-14","Москва и Московская область ","IL Патио","NON ALCOHOL",1,10,10
2902971,56,"2015-08-17","Москва и Московская область ","IL Патио","NON ALCOHOL",1,10,10
2863045,56,"2015-08-20","Москва и Московская область ","IL Патио","NON ALCOHOL",1,10,10
2902971,56,"2015-08-31","Москва и Московская область ","IL Патио","NON ALCOHOL",1,10,8.22
2886372,56,"2015-09-02","Москва и Московская область ","IL Патио","NON ALCOHOL",1,10,10
2902971,56,"2015-09-02","Москва и Московская область ","IL Патио","NON ALCOHOL",1,10,10
2902971,56,"2015-09-08","Москва и Московская область ","IL Патио","NON ALCOHOL",1,10,10
2902971,56,"2015-09-09","Москва и Московская область ","IL Патио","NON ALCOHOL",1,10,10
2902971,56,"2015-09-11","Москва и Московская область ","IL Патио","NON ALCOHOL",1,10,5.02
2751732,56,"2015-09-18","Москва и Московская область ","IL Патио","NON ALCOHOL",1,10,10
2902971,56,"2015-09-21","Москва и Московская область ","IL Патио","NON ALCOHOL",1,10,7.15
2751732,56,"2015-10-07","Москва и Московская область ","IL Патио","NON ALCOHOL",1,10,10
2751732,56,"2015-10-23","Москва и Московская область ","IL Патио","NON ALCOHOL",1,10,5.06
2751732,56,"2015-11-02","Москва и Московская область ","IL Патио","NON ALCOHOL",1,10,10
2751732,56,"2015-11-09","Москва и Московская область ","IL Патио","NON ALCOHOL",1,10,10
2906339,56,"2015-11-10","Москва и Московская область ","IL Патио","NON ALCOHOL",1,10,10
2751732,56,"2015-11-24","Москва и Московская область ","IL Патио","NON ALCOHOL",1,10,10
2751732,56,"2015-11-26","Москва и Московская область ","IL Патио","NON ALCOHOL",1,10,10
2905728,56,"2015-12-08","Москва и Московская область ","IL Патио","NON ALCOHOL",1,10,10
2889745,56,"2015-12-20","Москва и Московская область ","IL Патио","NON ALCOHOL",1,10,10
2886372,56,"2015-12-24","Москва и Московская область ","IL Патио","NON ALCOHOL",1,10,10
2773542,56,"2016-01-27","Москва и Московская область ","IL Патио","NON ALCOHOL",1,10,8.9
2813925,56,"2016-02-07","Москва и Московская область ","IL Патио","NON ALCOHOL",1,10,5
2889745,56,"2016-02-17","Москва и Московская область ","IL Патио","NON ALCOHOL",1,10,10
2800673,56,"2016-02-26","Москва и Московская область ","IL Патио","NON ALCOHOL",1,10,10
2886372,56,"2016-03-17","Москва и Московская область ","IL Патио","NON ALCOHOL",1,10,10
2884152,56,"2016-03-20","Москва и Московская область ","IL Патио","NON ALCOHOL",1,10,7.7
2889745,56,"2016-03-20","Москва и Московская область ","IL Патио","NON ALCOHOL",1,10,10
2889745,56,"2016-03-22","Москва и Московская область ","IL Патио","NON ALCOHOL",1,10,5
2889745,56,"2016-03-26","Москва и Московская область ","IL Патио","NON ALCOHOL",1,10,10
2889745,56,"2016-03-27","Москва и Московская область ","IL Патио","NON ALCOHOL",1,10,5.06
2906339,56,"2016-04-07","Москва и Московская область ","IL Патио","NON ALCOHOL",1,10,10
2766784,56,"2016-04-08","Москва и Московская область ","IL Патио","NON ALCOHOL",1,10,9.46
2737260,56,"2016-05-14","Москва и Московская область ","IL Патио","NON ALCOHOL",1,10,10
2889563,56,"2016-05-29","Москва и Московская область ","IL Патио","FOOD",1,10,10
2772502,56,"2016-05-31","Москва и Московская область ","IL Патио","NON ALCOHOL",1,10,5.03
2889745,56,"2016-06-14","Москва и Московская область ","IL Патио","NON ALCOHOL",1,10,10
2889745,56,"2016-09-09","Москва и Московская область ","IL Патио","NON ALCOHOL",1,10,10
2750555,62,"2015-03-26","Москва и Московская область ","Планета Мировое Кафе","FOOD",1,10,5.12
2905728,62,"2015-04-14","Москва и Московская область ","Планета Мировое Кафе","FOOD",1,10,10
2765702,62,"2015-05-21","Москва и Московская область ","Планета Мировое Кафе","NON ALCOHOL",2,10,10
2764162,63,"2015-04-29","Москва и Московская область ","Планета Суши","NON ALCOHOL",1,10,10
2752945,93,"2015-01-30","Москва и Московская область ","IL Патио","FOOD",1,10,10
2750466,93,"2015-03-01","Москва и Московская область ","IL Патио","NON ALCOHOL",2,10,10
2862077,93,"2015-03-17","Москва и Московская область ","IL Патио","FOOD",1,10,10
2873323,93,"2015-04-25","Москва и Московская область ","IL Патио","NON ALCOHOL",2,10,7.71
2764448,93,"2015-05-02","Москва и Московская область ","IL Патио","NON ALCOHOL",2,10,7.03
2813381,93,"2015-07-16","Москва и Московская область ","IL Патио","FOOD",1,10,5.01
2756975,93,"2015-07-31","Москва и Московская область ","IL Патио","FOOD",1,10,10
2851458,93,"2015-08-17","Москва и Московская область ","IL Патио","NON ALCOHOL",1,10,10
2763301,93,"2015-08-20","Москва и Московская область ","IL Патио","NON ALCOHOL",1,10,5
2886372,93,"2015-08-24","Москва и Московская область ","IL Патио","NON ALCOHOL",1,10,10
2817159,93,"2015-08-26","Москва и Московская область ","IL Патио","NON ALCOHOL",1,10,10
2905184,93,"2015-08-30","Москва и Московская область ","IL Патио","NON ALCOHOL",1,10,10
2845469,93,"2015-09-10","Москва и Московская область ","IL Патио","NON ALCOHOL",1,10,10
2758168,93,"2015-09-21","Москва и Московская область ","IL Патио","NON ALCOHOL",1,10,10
2886372,93,"2015-09-24","Москва и Московская область ","IL Патио","NON ALCOHOL",1,10,10
2759823,93,"2015-09-26","Москва и Московская область ","IL Патио","NON ALCOHOL",1,10,10
2849128,93,"2015-10-06","Москва и Московская область ","IL Патио","NON ALCOHOL",1,10,10
2882016,93,"2015-11-11","Москва и Московская область ","IL Патио","NON ALCOHOL",1,10,10
2894225,93,"2015-11-16","Москва и Московская область ","IL Патио","NON ALCOHOL",1,10,10
2901193,93,"2015-11-20","Москва и Московская область ","IL Патио","NON ALCOHOL",1,10,8.55
2889608,93,"2015-12-14","Москва и Московская область ","IL Патио","NON ALCOHOL",1,10,10
2753948,93,"2015-12-14","Москва и Московская область ","IL Патио","NON ALCOHOL",1,10,5.03
2756856,93,"2015-12-17","Москва и Московская область ","IL Патио","NON ALCOHOL",1,10,10
2756856,93,"2015-12-18","Москва и Московская область ","IL Патио","NON ALCOHOL",1,10,10
2756856,93,"2015-12-23","Москва и Московская область ","IL Патио","NON ALCOHOL",1,10,5
2756856,93,"2015-12-25","Москва и Московская область ","IL Патио","NON ALCOHOL",1,10,10
2767918,93,"2016-01-06","Москва и Московская область ","IL Патио","NON ALCOHOL",1,10,7.37
2756856,93,"2016-01-14","Москва и Московская область ","IL Патио","NON ALCOHOL",1,10,10
2875545,93,"2016-03-27","Москва и Московская область ","IL Патио","NON ALCOHOL",1,10,10
2764524,93,"2016-05-28","Москва и Московская область ","IL Патио","NON ALCOHOL",1,10,10
2745114,93,"2016-06-26","Москва и Московская область ","IL Патио","NON ALCOHOL",1,10,10
2778612,93,"2016-08-27","Москва и Московская область ","IL Патио","FOOD",1,10,7.94
2812952,93,"2016-09-17","Москва и Московская область ","IL Патио","FOOD",1,10,10
2737448,93,"2016-10-01","Москва и Московская область ","IL Патио","FOOD",1,10,8.96
2782879,93,"2017-04-16","Москва и Московская область ","IL Патио","FOOD",1,10,6.82
2831289,93,"2017-07-15","Москва и Московская область ","IL Патио","FOOD",1,10,4.99
2770455,94,"2015-02-09","Москва и Московская область ","TGI FRIDAYS","FOOD",1,10,10
2782801,94,"2015-03-12","Москва и Московская область ","TGI FRIDAYS","FOOD",1,10,10
2782801,94,"2015-03-12","Москва и Московская область ","TGI FRIDAYS","FOOD",1,10,10
2729112,96,"2015-04-05","Омск","IL Патио","FOOD",1,10,10
2847705,116,"2015-03-03","Москва и Московская область ","IL Патио,Планета Суши","FOOD",1,10,10
2890093,116,"2015-03-20","Москва и Московская область ","IL Патио,Планета Суши","NON ALCOHOL",1,10,10
2841889,116,"2015-03-27","Москва и Московская область ","IL Патио,Планета Суши","NON ALCOHOL",2,10,10
2847705,116,"2015-03-31","Москва и Московская область ","IL Патио,Планета Суши","FOOD",1,10,6.74
2822294,116,"2015-07-05","Москва и Московская область ","IL Патио,Планета Суши","FOOD",1,10,10
2762955,116,"2015-08-14","Москва и Московская область ","IL Патио,Планета Суши","NON ALCOHOL",1,10,5
2742153,116,"2015-09-11","Москва и Московская область ","IL Патио,Планета Суши","NON ALCOHOL",1,10,10
2896151,116,"2015-09-27","Москва и Московская область ","IL Патио,Планета Суши","NON ALCOHOL",1,10,8.63
2800200,116,"2016-04-26","Москва и Московская область ","IL Патио,Планета Суши","NON ALCOHOL",1,10,8.01
2872662,116,"2017-02-18","Москва и Московская область ","IL Патио,Планета Суши","FOOD DELIVERY",1,10,10
2909039,125,"2016-11-27","Москва и Московская область ","IL Патио,Планета Суши","FOOD",1,10,10
2896514,125,"2016-12-10","Москва и Московская область ","IL Патио,Планета Суши","FOOD DELIVERY",1,10,9.26
2820372,127,"2017-11-06","Москва и Московская область ","IL Патио","FOOD",1,10,10
2748570,128,"2015-05-24","Москва и Московская область ","IL Патио","NON ALCOHOL",2,10,9.66
2770930,128,"2016-08-19","Москва и Московская область ","IL Патио","NON ALCOHOL",1,10,10
2884075,128,"2016-11-22","Москва и Московская область ","IL Патио","FOOD",1,10,10
2882205,128,"2017-02-11","Москва и Московская область ","IL Патио","FOOD",1,10,10
2740580,129,"2015-03-16","Москва и Московская область ","IL Патио","FOOD",1,10,10
2740580,129,"2015-04-08","Москва и Московская область ","IL Патио","FOOD",1,10,5.04
2740580,129,"2015-05-14","Москва и Московская область ","IL Патио","FOOD",1,10,10
2740580,129,"2015-05-30","Москва и Московская область ","IL Патио","FOOD",1,10,7.95
2740580,129,"2015-06-05","Москва и Московская область ","IL Патио","FOOD",1,10,10
2900204,129,"2015-10-13","Москва и Московская область ","IL Патио","NON ALCOHOL",1,10,10
2907664,129,"2015-11-02","Москва и Московская область ","IL Патио","FOOD",2,10,5.02
2907664,129,"2015-11-11","Москва и Московская область ","IL Патио","FOOD",2,10,10
2862191,129,"2015-12-07","Москва и Московская область ","IL Патио","NON ALCOHOL",1,10,7.39
2907664,129,"2015-12-14","Москва и Московская область ","IL Патио","FOOD",2,10,6.52
2740580,129,"2016-06-14","Москва и Московская область ","IL Патио","NON ALCOHOL",1,10,10
2740580,129,"2016-08-29","Москва и Московская область ","IL Патио","NON ALCOHOL",1,10,10
2821271,129,"2017-12-28","Москва и Московская область ","IL Патио","FOOD",1,10,10
2749340,138,"2015-01-19","Москва и Московская область ","TGI FRIDAYS","FOOD",1,10,10
2765966,138,"2015-02-06","Москва и Московская область ","TGI FRIDAYS","FOOD",1,10,10
2765966,138,"2015-02-09","Москва и Московская область ","TGI FRIDAYS","FOOD",1,10,10
2743308,138,"2015-02-11","Москва и Московская область ","TGI FRIDAYS","FOOD",1,10,10
2837804,138,"2015-03-02","Москва и Московская область ","TGI FRIDAYS","FOOD",1,10,10
2766916,138,"2015-03-02","Москва и Московская область ","TGI FRIDAYS","FOOD",1,10,10
2761649,138,"2015-03-05","Москва и Московская область ","TGI FRIDAYS","FOOD",1,10,10
2765966,138,"2015-03-18","Москва и Московская область ","TGI FRIDAYS","FOOD",1,10,6.12
2776418,139,"2015-02-14","Москва и Московская область ","IL Патио,Шикари","NON ALCOHOL",2,10,10
2776418,139,"2015-02-22","Москва и Московская область ","IL Патио,Шикари","NON ALCOHOL",2,10,8.09
2744614,139,"2015-07-16","Москва и Московская область ","IL Патио,Шикари","FOOD",1,10,10
2885722,139,"2015-08-14","Москва и Московская область ","IL Патио,Шикари","NON ALCOHOL",1,10,10
2907583,139,"2015-10-01","Москва и Московская область ","IL Патио,Шикари","NON ALCOHOL",1,10,8.1
2744614,139,"2015-10-05","Москва и Московская область ","IL Патио,Шикари","NON ALCOHOL",1,10,10
2768023,139,"2015-12-30","Москва и Московская область ","IL Патио,Шикари","FOOD",1,10,10
2880378,139,"2016-01-06","Москва и Московская область ","IL Патио,Шикари","NON ALCOHOL",1,10,5.06
2754139,139,"2016-02-06","Москва и Московская область ","IL Патио,Шикари","NON ALCOHOL",1,10,9.01
2771859,139,"2016-02-08","Москва и Московская область ","IL Патио,Шикари","NON ALCOHOL",1,10,7.95
2741651,139,"2016-02-16","Москва и Московская область ","IL Патио,Шикари","NON ALCOHOL",1,10,9.38
2771859,139,"2016-02-18","Москва и Московская область ","IL Патио,Шикари","NON ALCOHOL",1,10,10
2771859,139,"2016-03-01","Москва и Московская область ","IL Патио,Шикари","NON ALCOHOL",1,10,10
2771859,139,"2016-03-29","Москва и Московская область ","IL Патио,Шикари","NON ALCOHOL",1,10,10
2771859,139,"2016-04-11","Москва и Московская область ","IL Патио,Шикари","NON ALCOHOL",1,10,10
2771859,139,"2016-04-13","Москва и Московская область ","IL Патио,Шикари","NON ALCOHOL",1,10,10
2771859,139,"2016-04-18","Москва и Московская область ","IL Патио,Шикари","NON ALCOHOL",1,10,4.97
2771859,139,"2016-04-22","Москва и Московская область ","IL Патио,Шикари","NON ALCOHOL",1,10,6.71
2771859,139,"2016-04-26","Москва и Московская область ","IL Патио,Шикари","NON ALCOHOL",1,10,10
2771859,139,"2016-04-27","Москва и Московская область ","IL Патио,Шикари","NON ALCOHOL",1,10,10
2827692,139,"2016-04-29","Москва и Московская область ","IL Патио,Шикари","NON ALCOHOL",1,10,5.55
2771859,139,"2016-04-29","Москва и Московская область ","IL Патио,Шикари","NON ALCOHOL",1,10,8.62
2771859,139,"2016-05-06","Москва и Московская область ","IL Патио,Шикари","NON ALCOHOL",1,10,6.17
2771859,139,"2016-05-11","Москва и Московская область ","IL Патио,Шикари","NON ALCOHOL",1,10,8.14
2771859,139,"2016-05-16","Москва и Московская область ","IL Патио,Шикари","NON ALCOHOL",1,10,10
2846187,139,"2016-05-17","Москва и Московская область ","IL Патио,Шикари","NON ALCOHOL",1,10,10
2759755,139,"2016-05-18","Москва и Московская область ","IL Патио,Шикари","NON ALCOHOL",1,10,10
2771859,139,"2016-05-18","Москва и Московская область ","IL Патио,Шикари","NON ALCOHOL",1,10,10
2771859,139,"2016-05-20","Москва и Московская область ","IL Патио,Шикари","NON ALCOHOL",1,10,10
2742488,139,"2016-05-26","Москва и Московская область ","IL Патио,Шикари","NON ALCOHOL",1,10,10
2771859,139,"2016-05-26","Москва и Московская область ","IL Патио,Шикари","NON ALCOHOL",1,10,4.95
2803286,139,"2016-06-04","Москва и Московская область ","IL Патио,Шикари","NON ALCOHOL",1,10,10
2771859,139,"2016-06-06","Москва и Московская область ","IL Патио,Шикари","NON ALCOHOL",1,10,7.04
2771859,139,"2016-06-07","Москва и Московская область ","IL Патио,Шикари","NON ALCOHOL",1,10,10
2791729,139,"2016-06-24","Москва и Московская область ","IL Патио,Шикари","NON ALCOHOL",1,10,10
2759755,139,"2016-07-15","Москва и Московская область ","IL Патио,Шикари","NON ALCOHOL",1,10,10
2742488,139,"2016-07-25","Москва и Московская область ","IL Патио,Шикари","NON ALCOHOL",1,10,10
2890812,139,"2016-08-15","Москва и Московская область ","IL Патио,Шикари","NON ALCOHOL",1,10,10
2763416,139,"2016-08-16","Москва и Московская область ","IL Патио,Шикари","NON ALCOHOL",1,10,10
2771859,139,"2016-09-07","Москва и Московская область ","IL Патио,Шикари","NON ALCOHOL",1,10,7.34
2771859,139,"2016-09-09","Москва и Московская область ","IL Патио,Шикари","NON ALCOHOL",1,10,10
2778050,172,"2015-04-01","Москва и Московская область ","IL Патио","NON ALCOHOL",1,10,10
2885938,172,"2015-05-08","Москва и Московская область ","IL Патио","NON ALCOHOL",1,10,10
2894596,172,"2015-05-14","Москва и Московская область ","IL Патио","FOOD",2,10,10
2762300,172,"2015-05-24","Москва и Московская область ","IL Патио","NON ALCOHOL",1,10,10
2778050,172,"2016-02-25","Москва и Московская область ","IL Патио","NON ALCOHOL",1,10,10
2885938,172,"2017-04-01","Москва и Московская область ","IL Патио","NON ALCOHOL",1,10,10
2768840,183,"2017-11-29","Новосибирск","IL Патио","NON ALCOHOL",1,10,10
2840693,184,"2016-02-28","Новосибирск","Планета Суши","FOOD",1,10,5.01
2882134,215,"2016-03-10","Новосибирск","Планета Суши","FOOD",1,10,9.1
2746213,218,"2015-05-06","Екатеринбург","TGI FRIDAYS","FOOD",1,10,10
2911076,218,"2015-08-28","Екатеринбург","TGI FRIDAYS","FOOD",1,10,8.32
2847708,218,"2015-12-12","Екатеринбург","TGI FRIDAYS","FOOD",1,10,10
2806594,235,"2015-02-26","Москва и Московская область ","IL Патио","NON ALCOHOL",2,10,10
2749368,235,"2015-05-17","Москва и Московская область ","IL Патио","INSTRUCTION",2,10,10
2735937,235,"2015-09-15","Москва и Московская область ","IL Патио","INSTRUCTION",2,10,10
2735937,235,"2015-09-30","Москва и Московская область ","IL Патио","INSTRUCTION",2,10,6.42
2735937,235,"2015-10-23","Москва и Московская область ","IL Патио","INSTRUCTION",2,10,10
2777940,235,"2015-11-05","Москва и Московская область ","IL Патио","INSTRUCTION",2,10,7.13
2777940,235,"2015-11-10","Москва и Московская область ","IL Патио","INSTRUCTION",2,10,10
2777940,235,"2015-12-23","Москва и Московская область ","IL Патио","INSTRUCTION",2,10,10
2777940,235,"2016-01-14","Москва и Московская область ","IL Патио","INSTRUCTION",2,10,5
2777940,235,"2016-01-21","Москва и Московская область ","IL Патио","INSTRUCTION",2,10,10
2777940,235,"2016-02-08","Москва и Московская область ","IL Патио","INSTRUCTION",2,10,5.69
2777940,235,"2016-02-20","Москва и Московская область ","IL Патио","INSTRUCTION",2,10,10
2777940,235,"2016-02-24","Москва и Московская область ","IL Патио","INSTRUCTION",2,10,6.1
2777940,235,"2016-03-24","Москва и Московская область ","IL Патио","INSTRUCTION",2,10,7.4
2777940,235,"2016-04-05","Москва и Московская область ","IL Патио","INSTRUCTION",2,10,6.86
2777940,235,"2016-04-06","Москва и Московская область ","IL Патио","INSTRUCTION",2,10,10
2777940,235,"2016-05-17","Москва и Московская область ","IL Патио","INSTRUCTION",2,10,10
2750749,235,"2016-12-09","Москва и Московская область ","IL Патио","FOOD",1,10,5
2909296,262,"2016-07-03","Самара","IL Патио,Планета Суши","FOOD",1,10,6.52
2729810,283,"2015-01-03","Новосибирск","IL Патио","FOOD",2,10,10
2801853,285,"2015-03-08","Новосибирск","IL Патио","FOOD",2,10,10
2781300,289,"2015-04-15","Красноярск","TGI FRIDAYS","FOOD",1,10,6.57
2781300,289,"2015-04-15","Красноярск","TGI FRIDAYS","FOOD",1,10,6.57
2814898,295,"2017-09-19","Москва и Московская область ","Шикари","NON ALCOHOL",1,10,4.99
2750656,295,"2017-12-29","Москва и Московская область ","Шикари","FOOD",1,10,6.87
2892780,296,"2016-09-28","Москва и Московская область ","Шикари","NON ALCOHOL",1,10,5.81
2783344,296,"2017-02-22","Москва и Московская область ","Шикари","NON ALCOHOL",1,10,7.09
2783344,296,"2017-05-26","Москва и Московская область ","Шикари","NON ALCOHOL",1,10,4.97
2884152,297,"2017-02-14","Москва и Московская область ","Шикари","NON ALCOHOL",1,10,10
2884152,297,"2017-08-18","Москва и Московская область ","Шикари","NON ALCOHOL",1,10,10
2782423,298,"2017-02-16","Москва и Московская область ","Шикари","NON ALCOHOL",1,10,10
2883060,298,"2017-02-26","Москва и Московская область ","Шикари","NON ALCOHOL",1,10,10
2780976,298,"2017-03-05","Москва и Московская область ","Шикари","FOOD",2,10,6.41
2909437,298,"2017-04-05","Москва и Московская область ","Шикари","FOOD",2,10,10
2757203,298,"2017-04-15","Москва и Московская область ","Шикари","FOOD",2,10,10
2913068,298,"2017-08-02","Москва и Московская область ","Шикари","FOOD",1,10,10
2732734,298,"2017-10-22","Москва и Московская область ","Шикари","NON ALCOHOL",1,10,8.65
2838143,298,"2017-11-20","Москва и Московская область ","Шикари","NON ALCOHOL",1,10,4.99
2808407,310,"2015-04-24","Москва и Московская область ","IL Патио","NON ALCOHOL",1,10,10
2784251,317,"2015-02-18","Москва и Московская область ","IL Патио","FOOD",2,10,10
2743266,317,"2015-04-13","Москва и Московская область ","IL Патио","FOOD",2,10,10
2743266,317,"2015-04-15","Москва и Московская область ","IL Патио","FOOD",2,10,5
2883936,317,"2015-09-21","Москва и Московская область ","IL Патио","FOOD",2,10,10
2766894,388,"2015-02-10","Москва и Московская область ","TGI FRIDAYS","FOOD",1,10,10
2766894,388,"2015-02-11","Москва и Московская область ","TGI FRIDAYS","FOOD",1,10,10
2766894,388,"2015-02-19","Москва и Московская область ","TGI FRIDAYS","FOOD",1,10,10
2766894,388,"2015-02-20","Москва и Московская область ","TGI FRIDAYS","FOOD",1,10,10
2766894,388,"2015-03-03","Москва и Московская область ","TGI FRIDAYS","FOOD",1,10,10
2766894,388,"2015-03-03","Москва и Московская область ","TGI FRIDAYS","FOOD",1,10,10
2766894,388,"2015-03-04","Москва и Московская область ","TGI FRIDAYS","FOOD",1,10,5.65
2766894,388,"2015-03-04","Москва и Московская область ","TGI FRIDAYS","FOOD",1,10,5.65
2766894,388,"2015-03-10","Москва и Московская область ","TGI FRIDAYS","FOOD",1,10,10
2766894,388,"2015-03-10","Москва и Московская область ","TGI FRIDAYS","FOOD",1,10,10
2766894,388,"2015-03-16","Москва и Московская область ","TGI FRIDAYS","FOOD",1,10,10
2766894,388,"2015-03-16","Москва и Московская область ","TGI FRIDAYS","FOOD",1,10,10
2760868,388,"2015-03-19","Москва и Московская область ","TGI FRIDAYS","FOOD",1,10,10
2766894,388,"2015-03-20","Москва и Московская область ","TGI FRIDAYS","FOOD",1,10,5.77
2766894,388,"2015-03-20","Москва и Московская область ","TGI FRIDAYS","FOOD",1,10,5.77
2766894,388,"2015-03-23","Москва и Московская область ","TGI FRIDAYS","FOOD",1,10,10
2766894,388,"2015-03-23","Москва и Московская область ","TGI FRIDAYS","FOOD",1,10,10
2758358,390,"2015-01-28","Москва и Московская область ","IL Патио","NON ALCOHOL",2,10,10
2762989,390,"2015-04-16","Москва и Московская область ","IL Патио","NON ALCOHOL",2,10,10
2820650,390,"2015-05-23","Москва и Московская область ","IL Патио","FOOD",1,10,10
2771428,390,"2015-07-03","Москва и Московская область ","IL Патио","NON ALCOHOL",2,10,10
2912538,390,"2015-07-22","Москва и Московская область ","IL Патио","FOOD",1,10,6.89
2880075,390,"2016-02-06","Москва и Московская область ","IL Патио","NON ALCOHOL",1,10,10
2880378,390,"2016-07-10","Москва и Московская область ","IL Патио","NON ALCOHOL",1,10,10
2885987,390,"2016-08-17","Москва и Московская область ","IL Патио","NON ALCOHOL",1,10,10
2756140,390,"2017-08-28","Москва и Московская область ","IL Патио","FOOD",1,10,9.1
2912991,390,"2017-11-18","Москва и Московская область ","IL Патио","FOOD",1,10,6.32
2748926,390,"2017-12-30","Москва и Московская область ","IL Патио","FOOD",1,10,10
2751350,391,"2015-02-19","Москва и Московская область ","TGI FRIDAYS","FOOD",1,10,10
2774936,391,"2015-02-28","Москва и Московская область ","TGI FRIDAYS","FOOD",1,10,10
2743227,392,"2015-01-14","Москва и Московская область ","IL Патио,Планета Суши","FOOD",1,10,10
2744422,392,"2015-02-02","Москва и Московская область ","IL Патио,Планета Суши","NON ALCOHOL",2,10,5
2753466,392,"2015-02-06","Москва и Московская область ","IL Патио,Планета Суши","FOOD",1,10,10
2812057,392,"2015-04-13","Москва и Московская область ","IL Патио,Планета Суши","FOOD",2,10,10
2780976,392,"2015-04-27","Москва и Московская область ","IL Патио,Планета Суши","FOOD",1,10,10
2776931,392,"2015-04-30","Москва и Московская область ","IL Патио,Планета Суши","FOOD DELIVERY",1,10,6.54
2776931,392,"2015-04-30","Москва и Московская область ","IL Патио,Планета Суши","FOOD DELIVERY",1,10,6.54
2776931,392,"2015-04-30","Москва и Московская область ","IL Патио,Планета Суши","FOOD DELIVERY",1,10,6.54
2780976,392,"2015-06-16","Москва и Московская область ","IL Патио,Планета Суши","FOOD",1,10,10
2734229,392,"2015-06-21","Москва и Московская область ","IL Патио,Планета Суши","FOOD",1,10,10
2734229,392,"2015-07-12","Москва и Московская область ","IL Патио,Планета Суши","FOOD",1,10,10
2780976,392,"2015-07-27","Москва и Московская область ","IL Патио,Планета Суши","FOOD",1,10,6.79
2752316,392,"2015-07-27","Москва и Московская область ","IL Патио,Планета Суши","FOOD",2,10,10
2885724,392,"2015-07-27","Москва и Московская область ","IL Патио,Планета Суши","FOOD",1,10,5.05
2780976,392,"2015-08-07","Москва и Московская область ","IL Патио,Планета Суши","NON ALCOHOL",1,10,6.14
2766797,392,"2015-08-11","Москва и Московская область ","IL Патио,Планета Суши","FOOD",2,10,10
2780976,392,"2015-08-12","Москва и Московская область ","IL Патио,Планета Суши","NON ALCOHOL",1,10,10
2734229,392,"2015-08-16","Москва и Московская область ","IL Патио,Планета Суши","NON ALCOHOL",1,10,10
2780976,392,"2015-08-18","Москва и Московская область ","IL Патио,Планета Суши","NON ALCOHOL",1,10,6.54
2780976,392,"2015-08-25","Москва и Московская область ","IL Патио,Планета Суши","NON ALCOHOL",1,10,10
2780976,392,"2015-09-21","Москва и Московская область ","IL Патио,Планета Суши","NON ALCOHOL",1,10,10
2780976,392,"2015-09-29","Москва и Московская область ","IL Патио,Планета Суши","NON ALCOHOL",1,10,5.06
2730034,392,"2015-10-07","Москва и Московская область ","IL Патио,Планета Суши","NON ALCOHOL",1,10,10
2872482,392,"2015-10-10","Москва и Московская область ","IL Патио,Планета Суши","NON ALCOHOL",1,10,10
2888912,392,"2015-10-22","Москва и Московская область ","IL Патио,Планета Суши","NON ALCOHOL",1,10,5.02
2780976,392,"2015-12-01","Москва и Московская область ","IL Патио,Планета Суши","NON ALCOHOL",1,10,10
2780976,392,"2015-12-02","Москва и Московская область ","IL Патио,Планета Суши","NON ALCOHOL",1,10,10
2748273,392,"2015-12-09","Москва и Московская область ","IL Патио,Планета Суши","FOOD DELIVERY",1,10,8.1
2748273,392,"2015-12-09","Москва и Московская область ","IL Патио,Планета Суши","FOOD DELIVERY",1,10,8.1
2780976,392,"2015-12-25","Москва и Московская область ","IL Патио,Планета Суши","NON ALCOHOL",1,10,10
2734229,392,"2015-12-28","Москва и Московская область ","IL Патио,Планета Суши","NON ALCOHOL",1,10,5.01
2734229,392,"2015-12-29","Москва и Московская область ","IL Патио,Планета Суши","NON ALCOHOL",1,10,5.7
2803286,392,"2016-01-02","Москва и Московская область ","IL Патио,Планета Суши","NON ALCOHOL",1,10,10
2734229,392,"2016-01-08","Москва и Московская область ","IL Патио,Планета Суши","NON ALCOHOL",1,10,10
2780976,392,"2016-01-27","Москва и Московская область ","IL Патио,Планета Суши","NON ALCOHOL",1,10,6.9
2803286,392,"2016-01-30","Москва и Московская область ","IL Патио,Планета Суши","NON ALCOHOL",1,10,10
2803286,392,"2016-02-16","Москва и Московская область ","IL Патио,Планета Суши","NON ALCOHOL",1,10,8.74
2803286,392,"2016-02-27","Москва и Московская область ","IL Патио,Планета Суши","NON ALCOHOL",1,10,10
2734229,392,"2016-02-27","Москва и Московская область ","IL Патио,Планета Суши","NON ALCOHOL",1,10,7.68
2734229,392,"2016-03-17","Москва и Московская область ","IL Патио,Планета Суши","NON ALCOHOL",1,10,10
2803286,392,"2016-03-26","Москва и Московская область ","IL Патио,Планета Суши","NON ALCOHOL",1,10,10
2734229,392,"2016-04-03","Москва и Московская область ","IL Патио,Планета Суши","NON ALCOHOL",1,10,10
2911407,392,"2016-05-05","Москва и Московская область ","IL Патио,Планета Суши","NON ALCOHOL",1,10,10
2734229,392,"2016-06-05","Москва и Московская область ","IL Патио,Планета Суши","NON ALCOHOL",1,10,10
2780976,392,"2016-06-28","Москва и Московская область ","IL Патио,Планета Суши","NON ALCOHOL",1,10,10
2780976,392,"2016-06-29","Москва и Московская область ","IL Патио,Планета Суши","NON ALCOHOL",1,10,10
2734229,392,"2016-07-30","Москва и Московская область ","IL Патио,Планета Суши","NON ALCOHOL",1,10,7.78
2885724,392,"2016-08-04","Москва и Московская область ","IL Патио,Планета Суши","NON ALCOHOL",1,10,10
2780976,392,"2016-08-10","Москва и Московская область ","IL Патио,Планета Суши","NON ALCOHOL",1,10,10
2734229,392,"2016-09-10","Москва и Московская область ","IL Патио,Планета Суши","NON ALCOHOL",1,10,6.13
2756090,393,"2015-03-25","Москва и Московская область ","IL Патио","FOOD",1,10,10
2822063,393,"2015-05-30","Москва и Московская область ","IL Патио","FOOD",2,10,10
2811041,393,"2015-06-20","Москва и Московская область ","IL Патио","FOOD",1,10,10
2839005,393,"2015-08-31","Москва и Московская область ","IL Патио","NON ALCOHOL",1,10,10
2885808,393,"2015-09-22","Москва и Московская область ","IL Патио","NON ALCOHOL",1,10,10
2755145,393,"2015-11-08","Москва и Московская область ","IL Патио","FOOD DELIVERY",1,10,10
2782887,393,"2015-11-13","Москва и Московская область ","IL Патио","NON ALCOHOL",1,10,5.01
2782386,393,"2016-01-22","Москва и Московская область ","IL Патио","NON ALCOHOL",1,10,5.06
2746653,393,"2016-01-23","Москва и Московская область ","IL Патио","NON ALCOHOL",1,10,10
2872326,393,"2016-04-24","Москва и Московская область ","IL Патио","NON ALCOHOL",1,10,10
2871449,393,"2016-05-26","Москва и Московская область ","IL Патио","NON ALCOHOL",1,10,10
2872514,393,"2016-06-18","Москва и Московская область ","IL Патио","NON ALCOHOL",1,10,10
2885808,393,"2016-07-11","Москва и Московская область ","IL Патио","NON ALCOHOL",1,10,10
2768512,393,"2016-08-13","Москва и Московская область ","IL Патио","NON ALCOHOL",1,10,10
2801970,393,"2017-03-14","Москва и Московская область ","IL Патио","FOOD",1,10,10
2801970,393,"2017-03-14","Москва и Московская область ","IL Патио","FOOD",1,10,10
2779469,397,"2015-02-24","Москва и Московская область ","IL Патио,Планета Суши","FOOD",1,10,10
2771232,397,"2015-03-05","Москва и Московская область ","IL Патио,Планета Суши","FOOD",1,10,10
2768937,397,"2015-03-15","Москва и Московская область ","IL Патио,Планета Суши","NON ALCOHOL",2,10,10
2738981,397,"2015-06-19","Москва и Московская область ","IL Патио,Планета Суши","FOOD",1,10,10
2883303,397,"2015-07-06","Москва и Московская область ","IL Патио,Планета Суши","FOOD",1,10,10
2776048,397,"2015-10-02","Москва и Московская область ","IL Патио,Планета Суши","NON ALCOHOL",1,10,7.07
2762521,397,"2015-10-02","Москва и Московская область ","IL Патио,Планета Суши","NON ALCOHOL",1,10,6.95
2776048,397,"2015-10-15","Москва и Московская область ","IL Патио,Планета Суши","NON ALCOHOL",1,10,8.83
2762521,397,"2015-10-19","Москва и Московская область ","IL Патио,Планета Суши","NON ALCOHOL",1,10,8.09
2776048,397,"2015-11-10","Москва и Московская область ","IL Патио,Планета Суши","NON ALCOHOL",1,10,8.77
2883303,397,"2015-12-17","Москва и Московская область ","IL Патио,Планета Суши","NON ALCOHOL",1,10,10
2776048,397,"2015-12-24","Москва и Московская область ","IL Патио,Планета Суши","NON ALCOHOL",1,10,8.47
2904545,397,"2016-01-17","Москва и Московская область ","IL Патио,Планета Суши","NON ALCOHOL",1,10,10
2912433,397,"2016-06-09","Москва и Московская область ","IL Патио,Планета Суши","FOOD",1,10,10
2779469,397,"2016-06-23","Москва и Московская область ","IL Патио,Планета Суши","NON ALCOHOL",1,10,10
2798123,397,"2017-11-19","Москва и Московская область ","IL Патио,Планета Суши","FOOD",1,10,8.01
2798123,397,"2017-11-19","Москва и Московская область ","IL Патио,Планета Суши","FOOD",1,10,8.01
2728549,404,"2015-01-08","Москва и Московская область ","IL Патио,Планета Суши","NON ALCOHOL",1,10,10
2728549,404,"2015-01-08","Москва и Московская область ","IL Патио,Планета Суши","FOOD",2,10,10
2743790,404,"2015-01-14","Москва и Московская область ","IL Патио,Планета Суши","FOOD",1,10,10
2740400,404,"2015-01-20","Москва и Московская область ","IL Патио,Планета Суши","FOOD",1,10,10
2740400,404,"2015-01-26","Москва и Московская область ","IL Патио,Планета Суши","FOOD",1,10,10
2735212,404,"2015-02-05","Москва и Московская область ","IL Патио,Планета Суши","FOOD",1,10,10
2770460,404,"2015-02-09","Москва и Московская область ","IL Патио,Планета Суши","FOOD",1,10,10
2740400,404,"2015-02-09","Москва и Московская область ","IL Патио,Планета Суши","FOOD",1,10,10
2770395,404,"2015-02-10","Москва и Московская область ","IL Патио,Планета Суши","FOOD",1,10,10
2786214,404,"2015-02-19","Москва и Московская область ","IL Патио,Планета Суши","NON ALCOHOL",2,10,10
2786214,404,"2015-02-19","Москва и Московская область ","IL Патио,Планета Суши","NON ALCOHOL",1,10,10
2767087,404,"2015-03-03","Москва и Московская область ","IL Патио,Планета Суши","FOOD",1,10,10
2740400,404,"2015-03-03","Москва и Московская область ","IL Патио,Планета Суши","FOOD",1,10,10
2802815,404,"2015-03-05","Москва и Московская область ","IL Патио,Планета Суши","FOOD",1,10,10
2885186,404,"2015-03-12","Москва и Московская область ","IL Патио,Планета Суши","FOOD",1,10,10
2818725,404,"2015-03-21","Москва и Московская область ","IL Патио,Планета Суши","NON ALCOHOL",2,10,10
2796628,404,"2015-03-21","Москва и Московская область ","IL Патио,Планета Суши","NON ALCOHOL",2,10,7.33
2770460,404,"2015-03-30","Москва и Московская область ","IL Патио,Планета Суши","FOOD",2,10,10
2885186,404,"2015-04-05","Москва и Московская область ","IL Патио,Планета Суши","FOOD",1,10,10
2907630,404,"2015-04-10","Москва и Московская область ","IL Патио,Планета Суши","FOOD",1,10,10
2907630,404,"2015-04-17","Москва и Московская область ","IL Патио,Планета Суши","FOOD",1,10,10
2770460,404,"2015-04-22","Москва и Московская область ","IL Патио,Планета Суши","FOOD",1,10,5
2907630,404,"2015-04-27","Москва и Московская область ","IL Патио,Планета Суши","FOOD",1,10,10
2907630,404,"2015-05-07","Москва и Московская область ","IL Патио,Планета Суши","FOOD",1,10,10
2907630,404,"2015-05-18","Москва и Московская область ","IL Патио,Планета Суши","FOOD",1,10,10
2907630,404,"2015-05-28","Москва и Московская область ","IL Патио,Планета Суши","FOOD",1,10,10
2894296,404,"2015-05-28","Москва и Московская область ","IL Патио,Планета Суши","FOOD",1,10,10
2897575,404,"2015-06-05","Москва и Московская область ","IL Патио,Планета Суши","NON ALCOHOL",1,10,10
2752487,404,"2015-06-08","Москва и Московская область ","IL Патио,Планета Суши","FOOD",2,10,10
2773859,404,"2015-06-10","Москва и Московская область ","IL Патио,Планета Суши","FOOD",1,10,10
2731279,404,"2015-06-11","Москва и Московская область ","IL Патио,Планета Суши","FOOD",1,10,10
2885186,404,"2015-06-29","Москва и Московская область ","IL Патио,Планета Суши","FOOD",1,10,5.03
2880385,404,"2015-07-10","Москва и Московская область ","IL Патио,Планета Суши","FOOD",1,10,5.21
2884756,404,"2015-07-20","Москва и Московская область ","IL Патио,Планета Суши","FOOD",1,10,8.29
2907630,404,"2015-07-21","Москва и Московская область ","IL Патио,Планета Суши","FOOD",1,10,10
2744323,404,"2015-08-05","Москва и Московская область ","IL Патио,Планета Суши","NON ALCOHOL",1,10,10
2907630,404,"2015-08-28","Москва и Московская область ","IL Патио,Планета Суши","NON ALCOHOL",1,10,5.02
2773859,404,"2015-08-28","Москва и Московская область ","IL Патио,Планета Суши","NON ALCOHOL",1,10,7.34
2892957,404,"2015-08-31","Москва и Московская область ","IL Патио,Планета Суши","NON ALCOHOL",1,10,10
2773859,404,"2015-09-01","Москва и Московская область ","IL Патио,Планета Суши","NON ALCOHOL",1,10,10
2907630,404,"2015-09-02","Москва и Московская область ","IL Патио,Планета Суши","NON ALCOHOL",1,10,6.82
2907630,404,"2015-09-03","Москва и Московская область ","IL Патио,Планета Суши","NON ALCOHOL",1,10,10
2907630,404,"2015-09-15","Москва и Московская область ","IL Патио,Планета Суши","NON ALCOHOL",1,10,6.65
2884756,404,"2015-09-23","Москва и Московская область ","IL Патио,Планета Суши","NON ALCOHOL",1,10,10
2740400,404,"2015-10-05","Москва и Московская область ","IL Патио,Планета Суши","NON ALCOHOL",1,10,10
2773859,404,"2015-10-19","Москва и Московская область ","IL Патио,Планета Суши","NON ALCOHOL",1,10,10
2773859,404,"2015-11-16","Москва и Московская область ","IL Патио,Планета Суши","NON ALCOHOL",1,10,10
2859183,404,"2015-11-24","Москва и Московская область ","IL Патио,Планета Суши","NON ALCOHOL",1,10,10
2731677,404,"2015-11-24","Москва и Московская область ","IL Патио,Планета Суши","NON ALCOHOL",1,10,5.07
2743015,404,"2015-12-01","Москва и Московская область ","IL Патио,Планета Суши","NON ALCOHOL",1,10,10
2773859,404,"2015-12-08","Москва и Московская область ","IL Патио,Планета Суши","NON ALCOHOL",1,10,10
2892957,404,"2015-12-17","Москва и Московская область ","IL Патио,Планета Суши","NON ALCOHOL",1,10,8.95
2773859,404,"2015-12-24","Москва и Московская область ","IL Патио,Планета Суши","NON ALCOHOL",1,10,10
2879311,404,"2016-02-03","Москва и Московская область ","IL Патио,Планета Суши","NON ALCOHOL",1,10,10
2773859,404,"2016-03-03","Москва и Московская область ","IL Патио,Планета Суши","NON ALCOHOL",1,10,10
2862890,404,"2016-03-14","Москва и Московская область ","IL Патио,Планета Суши","NON ALCOHOL",1,10,10
2745503,405,"2015-04-04","Москва и Московская область ","IL Патио,Планета Суши","FOOD",1,10,10
2796487,405,"2015-05-12","Москва и Московская область ","IL Патио,Планета Суши","FOOD",2,10,10
2894630,405,"2015-07-16","Москва и Московская область ","IL Патио,Планета Суши","NON ALCOHOL",1,10,5.32
2894630,405,"2015-07-18","Москва и Московская область ","IL Патио,Планета Суши","NON ALCOHOL",1,10,10
2899332,405,"2015-08-30","Москва и Московская область ","IL Патио,Планета Суши","NON ALCOHOL",1,10,10
2832254,405,"2016-04-02","Москва и Московская область ","IL Патио,Планета Суши","NON ALCOHOL",1,10,10
2751920,405,"2016-04-09","Москва и Московская область ","IL Патио,Планета Суши","FOOD",1,10,10
2745527,405,"2016-08-02","Москва и Московская область ","IL Патио,Планета Суши","NON ALCOHOL",1,10,7.21
2887576,405,"2016-08-19","Москва и Московская область ","IL Патио,Планета Суши","NON ALCOHOL",1,10,5.11
